epoch,lr,train_total,train_l1,train_dice,train_sign,val_dice,val_iou,val_sens_pos,val_sens_neg
1,0.0001502918287937743,1.0577597844009845,0.13494529268650957,0.9224526333044292,0.0007237133874735902,0.3219372786344424,0.2829470387354505,0.25007741225206037,0.26491614913825423
2,0.0003,0.9914506569258558,0.08638429265755317,0.9050112617780446,0.00011020303660164882,0.19389221288994762,0.14936937104369855,0.3762463289171909,0.3898820138049566
3,0.0002996788384857905,0.975973814030778,0.08594723013967305,0.8899723735390878,0.00010842027295361291,0.20159987113335354,0.15385916499081154,0.4206808137700357,0.3549760832913417
4,0.00029871672920607153,0.9619080053589898,0.09437161171401555,0.8674754594806564,0.00012186746002823319,0.20424601074082568,0.15529604315386533,0.42543898476552305,0.3683612201623901
5,0.00029711779206048454,0.9551119678106206,0.1024077417441183,0.8526270587080538,0.00015433557514337243,0.2042283512842647,0.15568548168109456,0.41130849173923983,0.3534957817588072
6,0.0002948888739433602,0.9464423176556449,0.10481571941116084,0.8415320950068815,0.0001890063610464288,0.19445170026194714,0.14514410474778303,0.41769582242793124,0.3706101872446721
7,0.0002920395194242658,0.9373216763413914,0.10867460060455593,0.8285663680791623,0.00016141753821794964,0.20603385032607338,0.15753686559349211,0.41310592643144034,0.35077306311767176
8,0.000288581929876693,0.9320829766716507,0.11034718930062389,0.8216433364633684,0.00018490192176771756,0.19801068756369097,0.14906297874165883,0.4484809549581824,0.3631100688027359
9,0.00028453091122990323,0.9268379834696897,0.1117696558388694,0.814979305941579,0.00017804450470562525,0.2036811540567639,0.1550987053554359,0.39753649444394273,0.39619285606683907
10,0.0002799038105676658,0.9206869647963981,0.11163973807926544,0.8089527165113547,0.00018902101140290368,0.22538970141174294,0.17690691284277588,0.4104348876457097,0.3387195364356916
11,0.0002747204418453818,0.9148304391474951,0.11276889312016779,0.8019654123787745,0.00019226597141110737,0.207604333493718,0.15845415708068972,0.41086896101654874,0.3581712747991057
12,0.00026900300104368524,0.9121407632172049,0.11301078787661792,0.7990250504920503,0.00020984844176628358,0.2207369590947261,0.17302806484486916,0.32389491033796786,0.3744364680270805
13,0.0002627759711218466,0.9075671795274125,0.11342504957783153,0.7940437586940065,0.0001967409420115073,0.21222938806090497,0.16453834198986167,0.4312051046793137,0.31030253268016333
14,0.00025606601717798207,0.9019253420181015,0.11507347258001537,0.786758514459673,0.0001867110764157576,0.2180563437084765,0.16851289059226499,0.3903090809083854,0.3979365528300122
15,0.0002489018722650103,0.900068910059359,0.11283647822599906,0.7871295700557494,0.00020572308357658865,0.22534671778365067,0.17667056716505666,0.43644892474438884,0.3428022033079866
16,0.00024131421435130807,0.8980932355911785,0.11344615794877559,0.7845475149455872,0.00019912471973965927,0.21570557537842291,0.16759744993828696,0.3918488643001624,0.369107544697699
17,0.0002333355349529403,0.896244180069257,0.11411892289822546,0.7820186380973942,0.00021323862572789358,0.21577885940746339,0.1666830208855037,0.39037249124411383,0.3871117893960962
18,0.000225,0.891041004594028,0.11405004285170947,0.7768931918867128,0.0001955404414270709,0.22541404989738376,0.17697061446967785,0.3839493401121052,0.37980255773921573
19,0.00021634330353285017,0.8870899321038939,0.11548176920539234,0.7715087085817484,0.0001989082351999089,0.22369710188447647,0.1752606252710419,0.4066996280532542,0.3504162852574761
20,0.00020740251485476345,0.8850042170349895,0.11456168388931554,0.7703330219371209,0.00021902366860331827,0.22832455800635734,0.1796940226784307,0.39871724392552016,0.3696290620372372
21,0.00019821591979547423,0.8825352661985002,0.11406857799829154,0.7683641300170136,0.00020511840708684444,0.22229146133027197,0.1743795029404796,0.3967045513334487,0.3630159300289851
22,0.0001888228567653781,0.8803170098623567,0.11397439934516033,0.7662465486483625,0.00019212354833330334,0.2311979772830568,0.1831827731890139,0.39191215313709993,0.34236726059867634
23,0.00017926354830241924,0.8764749009477154,0.11562633374841672,0.7607410825260411,0.00021496772239651242,0.228438949222048,0.18097928584466388,0.387578040556808,0.34284108145529346
24,0.00016957892883300775,0.8740381703316529,0.11499349318039255,0.7589448522432437,0.00019964883661440787,0.26240480566651364,0.21483511737022806,0.36965853313714353,0.354183613875648
25,0.00015981046938452146,0.8733859669536613,0.11339094420936614,0.7599020334443962,0.00018598145817147547,0.27468201186600694,0.226967422630387,0.39689127617307485,0.34869535630357196
26,0.00015,0.8671111874318563,0.11576642748330465,0.7512458928501409,0.0001977353011497907,0.26963113260043053,0.22172300382177382,0.39304967645368766,0.33859347918956756
27,0.0001401895306154785,0.867806521171036,0.11438846108263795,0.7533192031295469,0.00019771455444875534,0.28481764587193564,0.23757911463265124,0.38014855985459167,0.3582673895897725
28,0.00013042107116699228,0.8676568111015595,0.1148163216610315,0.7527329284838963,0.00021512286643746926,0.2950555230703418,0.24774684430684876,0.3799362230620869,0.3462756207066405
29,0.00012073645169758076,0.8642881837020926,0.11719000900292767,0.7470025983652637,0.00019115484994317185,0.26563608662161525,0.2190155541328274,0.365092535418543,0.3389120642201636
30,0.00011117714323462186,0.8601727388922281,0.11632354524026402,0.7437468548065488,0.00020467714039172053,0.2962096216916329,0.2493578261367631,0.37657735631166195,0.3355397956770365
31,0.00010178408020452579,0.8593777823320746,0.1149685307585999,0.7443140027619196,0.00019049881962588012,0.25428817628869166,0.20741957087048818,0.36312502681693964,0.34722086513824196
32,9.259748514523653e-05,0.859897656592498,0.1151270980795572,0.7446746633716644,0.00019178855716432865,0.2798679213029644,0.2325978960403908,0.38471756676197844,0.3284367565982834
33,8.365669646714983e-05,0.8564846012578414,0.11611686255131189,0.7402636862791662,0.000208108189285914,0.32808435275230896,0.2817387531611683,0.3779407295029766,0.32066762800571846
34,7.500000000000002e-05,0.8560217463414106,0.11445200884130044,0.7414697209849186,0.00020003424594061293,0.29237008222381544,0.24596849191088588,0.3823467171318815,0.3284484973092648
35,6.66644650470597e-05,0.8525041713369368,0.1159118374907371,0.736489283346342,0.00020610402704276503,0.29665871353747686,0.25029389782270134,0.3702660482473827,0.3344840935967637
36,5.8685785648691894e-05,0.8523263448470999,0.1159849693777856,0.7362567025034954,0.00016934633925969392,0.29719997324859937,0.2509777512265203,0.3762927654890215,0.31472081064676977
37,5.109812773498967e-05,0.8513958646732123,0.11698550360858354,0.7343119540413799,0.00019681538656478846,0.3300047930249307,0.28383450064910337,0.36874494261626917,0.3244000907394696
38,4.3933982822017876e-05,0.8519385102249327,0.11517513091553752,0.7366651160057825,0.00019652807771106153,0.3285707977487431,0.28279763110985096,0.3759763417218699,0.3096638142720401
39,3.72240288781534e-05,0.8473366337047258,0.1164409160918119,0.730786621903655,0.00021819301633389297,0.35143255714257987,0.30560434958450317,0.36782956394282257,0.3163584334172562
40,3.099699895631474e-05,0.8482410601902286,0.11556192075216416,0.732562207909205,0.0002338647285881028,0.3217890898463133,0.2760670926081517,0.3615936865089955,0.31678103651960776
41,2.5279558154618197e-05,0.8463427441808294,0.11620912935396528,0.7300376173822015,0.00019199628037056023,0.35195824432532596,0.30612442299705234,0.3659258869522477,0.31051173913191166
42,2.009618943233419e-05,0.8451655957453221,0.1177346665236603,0.7273239761272371,0.0002139095905304811,0.3597718224156127,0.31421802064993726,0.36377408077753376,0.31149525421135354
43,1.546908877009676e-05,0.8461387201173428,0.11454086223720375,0.7314974214841835,0.00020087445347977446,0.376162839021372,0.33061324565595385,0.361271854016443,0.3131946157443577
44,1.1418070123306989e-05,0.8439528719387203,0.11725797392500327,0.7265861584389522,0.00021748391708393037,0.3790783963301568,0.33363359729051795,0.3609230823075808,0.31297918741907005
45,7.960480575734162e-06,0.844516642384441,0.11659427025546369,0.7278135100739807,0.00021772657232985913,0.379093061057397,0.3335670566902113,0.3629801135034403,0.3109215179574676
46,5.11112605663977e-06,0.8440523054613663,0.11634812492060867,0.7276033950269049,0.00020157327189696957,0.38308784665104634,0.33782645529165434,0.35817420482767787,0.30780843720430945
47,2.882207939515435e-06,0.8436117546145956,0.11397924467530264,0.7295314253419203,0.00020217226300065964,0.38642904480869833,0.341102483899022,0.3595109628108868,0.3095415148590374
48,1.2832707939284427e-06,0.8434260903167076,0.11483295684258578,0.7284916937930475,0.00020288322241119835,0.3910624123279434,0.34576827787956094,0.35924276584740833,0.30830601164471416
49,3.211615142094781e-07,0.841724540824677,0.11850770475637924,0.7231034427388879,0.00022678550523405323,0.3878513908471023,0.3425184662908197,0.3595463453168508,0.3085565496726441
50,0.0,0.8414294647869263,0.11655230001719312,0.7247718292260424,0.00021067240804576045,0.3892004204746702,0.3438889933861703,0.3590525798409186,0.30849956012521446
