pair_id,ellipse_has_change,heatmap_has_change,change_presence_agrees,positive_presence_agrees,negative_presence_agrees,positive_overlap_detections,positive_nonoverlap_detections,negative_overlap_detections,negative_nonoverlap_detections
pair1,True,True,True,True,True,0,0,1,1
pair2,False,False,True,True,True,0,0,0,0
pair3,False,True,False,False,True,0,0,0,0
pair4,True,False,False,False,True,0,1,0,0
pair5,True,False,False,False,True,0,1,0,0
pair6,False,True,False,False,True,0,0,0,0
pair7,True,True,True,True,True,1,0,0,0
pair8,True,True,True,True,True,1,1,0,0
pair9,True,True,True,True,True,0,0,1,1
pair10,True,False,False,False,True,0,1,0,0
pair11,True,True,True,True,True,1,1,0,0
pair12,True,True,True,False,True,0,1,1,1
pair13,True,True,True,True,True,1,1,0,0
pair14,False,False,True,True,True,0,0,0,0
pair15,False,True,False,True,False,0,0,0,0
pair16,False,False,True,True,True,0,0,0,0
pair17,False,False,True,True,True,0,0,0,0
pair18,True,False,False,True,False,0,0,0,1
pair19,True,True,True,False,False,0,1,0,0
pair20,True,True,True,False,False,0,0,0,1
pair21,True,True,True,True,False,1,0,0,1
pair22,True,True,True,True,True,1,0,0,0
pair23,True,True,True,False,False,0,1,0,0
pair24,True,True,True,False,False,0,0,0,2
pair25,True,True,True,True,False,1,0,0,1
pair26,True,True,True,True,True,1,0,0,0
pair27,True,True,True,True,True,1,1,0,0
pair28,True,True,True,True,True,1,0,0,0
pair29,False,True,False,False,True,0,0,0,0
pair30,True,False,False,False,True,0,2,0,0
pair31,True,True,True,True,True,0,0,1,0
pair32,True,False,False,False,True,0,1,0,0
pair33,True,True,True,True,True,1,0,0,0
pair34,True,True,True,True,True,1,0,0,0
pair35,False,False,True,True,True,0,0,0,0
pair36,True,True,True,True,True,1,1,0,0
pair37,True,True,True,True,True,1,0,0,0
pair38,True,True,True,True,True,1,1,0,0
pair39,True,True,True,True,True,0,0,1,0
pair40,True,True,True,True,True,1,0,0,0
pair41,False,True,False,False,False,0,1,0,1
pair42,True,False,False,True,False,0,0,0,1
pair43,True,True,True,False,False,0,0,0,1
pair44,True,True,True,True,True,1,0,0,0
pair45,True,True,True,False,False,0,1,0,0
pair46,True,False,False,False,True,0,1,0,0
pair47,True,True,True,True,True,1,0,0,0
pair48,True,True,True,False,False,0,0,0,1
pair49,True,True,True,True,True,0,0,1,0
pair50,True,True,True,True,True,1,0,0,0
pair51,True,True,True,True,True,1,1,0,0
pair52,False,True,False,True,False,0,0,0,0
pair53,False,True,False,False,True,0,0,0,0
pair54,True,False,False,False,True,0,1,0,0
pair55,True,True,True,True,False,1,0,0,1
pair56,True,True,True,True,True,0,0,1,0
pair57,True,True,True,False,False,0,0,0,1
pair58,True,True,True,False,False,0,1,0,0
pair59,False,True,False,False,True,0,0,0,0
pair60,True,True,True,False,False,0,1,0,0
pair61,True,True,True,True,True,1,0,0,0
pair62,False,True,False,False,True,0,0,0,0
pair63,True,False,False,False,True,0,1,0,0
pair64,True,True,True,True,True,1,0,0,0
pair65,True,False,False,True,False,0,0,0,1
pair66,True,True,True,True,True,1,0,0,0
pair67,True,True,True,True,True,1,0,0,0
pair68,True,False,False,False,True,0,1,0,0
pair69,False,True,False,False,True,0,0,0,0
pair70,True,True,True,True,True,1,0,0,0
pair71,True,True,True,True,True,1,0,0,0
pair72,False,True,False,True,False,0,0,0,0
pair73,True,False,False,True,False,0,0,0,2
pair74,False,True,False,False,True,0,0,0,0
pair75,True,True,True,True,True,1,0,0,0
pair76,True,True,True,True,True,0,0,1,0
pair77,True,True,True,True,True,0,0,1,0
pair78,True,True,True,True,True,1,0,0,0
pair79,True,False,False,False,True,0,1,0,0
pair80,False,True,False,False,True,0,0,0,0
pair81,True,True,True,True,True,1,0,0,0
pair82,True,True,True,True,True,0,0,1,0
pair83,False,True,False,True,False,0,0,0,0
pair84,True,False,False,True,False,0,0,0,2
pair85,False,True,False,True,False,0,0,0,0
pair86,True,True,True,True,True,0,0,1,0
pair87,True,True,True,True,True,0,0,1,0
pair88,False,False,True,True,True,0,0,0,0
pair89,True,True,True,True,True,0,0,1,1
pair90,False,False,True,True,True,0,0,0,0
pair91,True,True,True,True,True,1,0,0,0
pair92,True,True,True,True,True,1,1,0,0
pair93,True,True,True,True,True,1,0,0,0
pair94,True,True,True,False,False,0,0,0,1
pair95,True,True,True,True,True,1,0,0,0
pair96,True,False,False,False,True,0,1,0,0
pair97,True,True,True,False,False,0,0,0,1
pair98,True,True,True,True,True,0,0,1,0
pair99,True,True,True,True,True,1,0,0,0
pair100,True,True,True,True,True,1,0,0,0
