pair_id,display_height,display_width,native_rows,native_columns,is_non_square,ellipse_display_vs_nifti_max_abs_error,heatmap_display_vs_nifti_max_abs_error,precision_display_vs_nifti_max_abs_error,ellipse_native_json_positive_iou,ellipse_native_json_negative_iou,status
pair1,768,768,768,768,False,0.0,0.0,0.0,1.0,1.0,ok
pair2,768,768,768,768,False,0.0,0.0,0.0,1.0,1.0,ok
pair3,768,768,768,768,False,0.0,0.0,0.0,1.0,1.0,ok
pair4,768,768,768,768,False,0.0,0.0,0.0,1.0,1.0,ok
pair5,768,768,768,768,False,0.0,0.0,0.0,1.0,1.0,ok
pair6,768,768,768,768,False,0.0,0.0,0.0,1.0,1.0,ok
pair7,768,768,768,768,False,0.0,0.0,0.0,1.0,1.0,ok
pair8,768,768,768,768,False,0.0,0.0,0.0,1.0,1.0,ok
pair9,768,768,768,768,False,0.0,0.0,0.0,1.0,1.0,ok
pair10,768,768,768,768,False,0.0,0.0,0.0,1.0,1.0,ok
pair11,768,768,768,768,False,0.0,0.0,0.0,1.0,1.0,ok
pair12,768,768,768,768,False,0.0,0.0,0.0,1.0,1.0,ok
pair13,768,768,768,768,False,0.0,0.0,0.0,1.0,1.0,ok
pair14,768,768,768,768,False,0.0,0.0,0.0,1.0,1.0,ok
pair15,768,768,768,768,False,0.0,0.0,0.0,1.0,1.0,ok
pair16,768,768,768,768,False,0.0,0.0,0.0,1.0,1.0,ok
pair17,768,768,768,768,False,0.0,0.0,0.0,1.0,1.0,ok
pair18,768,768,768,768,False,0.0,0.0,0.0,1.0,1.0,ok
pair19,768,768,768,768,False,0.0,0.0,0.0,1.0,1.0,ok
pair20,768,768,768,768,False,0.0,0.0,0.0,1.0,1.0,ok
pair21,768,768,768,768,False,0.0,0.0,0.0,1.0,1.0,ok
pair22,768,768,768,768,False,0.0,0.0,0.0,1.0,1.0,ok
pair23,768,768,768,768,False,0.0,0.0,0.0,1.0,1.0,ok
pair24,768,768,768,768,False,0.0,0.0,0.0,1.0,1.0,ok
pair25,768,768,768,768,False,0.0,0.0,0.0,1.0,1.0,ok
pair26,768,768,768,768,False,0.0,0.0,0.0,1.0,1.0,ok
pair27,768,768,768,768,False,0.0,0.0,0.0,1.0,1.0,ok
pair28,768,768,768,768,False,0.0,0.0,0.0,1.0,1.0,ok
pair29,768,768,768,768,False,0.0,0.0,0.0,1.0,1.0,ok
pair30,768,768,768,768,False,0.0,0.0,0.0,1.0,1.0,ok
pair31,768,768,768,768,False,0.0,0.0,0.0,1.0,1.0,ok
pair32,768,768,768,768,False,0.0,0.0,0.0,1.0,1.0,ok
pair33,768,768,768,768,False,0.0,0.0,0.0,1.0,1.0,ok
pair34,768,768,768,768,False,0.0,0.0,0.0,1.0,1.0,ok
pair35,768,768,768,768,False,0.0,0.0,0.0,1.0,1.0,ok
pair36,768,768,768,768,False,0.0,0.0,0.0,1.0,1.0,ok
pair37,768,768,768,768,False,0.0,0.0,0.0,1.0,1.0,ok
pair38,768,768,768,768,False,0.0,0.0,0.0,1.0,1.0,ok
pair39,768,768,768,768,False,0.0,0.0,0.0,1.0,1.0,ok
pair40,768,768,768,768,False,0.0,0.0,0.0,1.0,1.0,ok
pair41,768,768,768,768,False,0.0,0.0,0.0,1.0,1.0,ok
pair42,768,768,768,768,False,0.0,0.0,0.0,1.0,1.0,ok
pair43,768,768,768,768,False,0.0,0.0,0.0,1.0,1.0,ok
pair44,768,768,768,768,False,0.0,0.0,0.0,1.0,1.0,ok
pair45,768,768,768,768,False,0.0,0.0,0.0,1.0,1.0,ok
pair46,768,768,768,768,False,0.0,0.0,0.0,1.0,1.0,ok
pair47,768,768,768,768,False,0.0,0.0,0.0,1.0,1.0,ok
pair48,768,768,768,768,False,0.0,0.0,0.0,1.0,1.0,ok
pair49,768,768,768,768,False,0.0,0.0,0.0,1.0,1.0,ok
pair50,768,768,768,768,False,0.0,0.0,0.0,1.0,1.0,ok
pair51,768,768,768,768,False,0.0,0.0,0.0,1.0,1.0,ok
pair52,768,768,768,768,False,0.0,0.0,0.0,1.0,1.0,ok
pair53,768,768,768,768,False,0.0,0.0,0.0,1.0,1.0,ok
pair54,768,768,768,768,False,0.0,0.0,0.0,1.0,1.0,ok
pair55,768,768,768,768,False,0.0,0.0,0.0,1.0,1.0,ok
pair56,768,768,768,768,False,0.0,0.0,0.0,1.0,1.0,ok
pair57,768,768,768,768,False,0.0,0.0,0.0,1.0,1.0,ok
pair58,768,768,768,768,False,0.0,0.0,0.0,1.0,1.0,ok
pair59,768,768,768,768,False,0.0,0.0,0.0,1.0,1.0,ok
pair60,768,768,768,768,False,0.0,0.0,0.0,1.0,1.0,ok
pair61,768,768,768,768,False,0.0,0.0,0.0,1.0,1.0,ok
pair62,768,768,768,768,False,0.0,0.0,0.0,1.0,1.0,ok
pair63,768,768,768,768,False,0.0,0.0,0.0,1.0,1.0,ok
pair64,768,768,768,768,False,0.0,0.0,0.0,1.0,1.0,ok
pair65,768,768,768,768,False,0.0,0.0,0.0,1.0,1.0,ok
pair66,768,768,768,768,False,0.0,0.0,0.0,1.0,1.0,ok
pair67,768,768,768,768,False,0.0,0.0,0.0,1.0,1.0,ok
pair68,768,768,768,768,False,0.0,0.0,0.0,1.0,1.0,ok
pair69,768,768,768,768,False,0.0,0.0,0.0,1.0,1.0,ok
pair70,768,768,768,768,False,0.0,0.0,0.0,1.0,1.0,ok
pair71,768,768,768,768,False,0.0,0.0,0.0,1.0,1.0,ok
pair72,768,768,768,768,False,0.0,0.0,0.0,1.0,1.0,ok
pair73,768,768,768,768,False,0.0,0.0,0.0,1.0,1.0,ok
pair74,768,768,768,768,False,0.0,0.0,0.0,1.0,1.0,ok
pair75,768,768,768,768,False,0.0,0.0,0.0,1.0,1.0,ok
pair76,768,768,768,768,False,0.0,0.0,0.0,1.0,1.0,ok
pair77,768,768,768,768,False,0.0,0.0,0.0,1.0,1.0,ok
pair78,768,768,768,768,False,0.0,0.0,0.0,1.0,1.0,ok
pair79,768,768,768,768,False,0.0,0.0,0.0,1.0,1.0,ok
pair80,768,768,768,768,False,0.0,0.0,0.0,1.0,1.0,ok
pair81,768,768,768,768,False,0.0,0.0,0.0,1.0,1.0,ok
pair82,768,768,768,768,False,0.0,0.0,0.0,1.0,1.0,ok
pair83,768,768,768,768,False,0.0,0.0,0.0,1.0,1.0,ok
pair84,768,768,768,768,False,0.0,0.0,0.0,1.0,1.0,ok
pair85,768,768,768,768,False,0.0,0.0,0.0,1.0,1.0,ok
pair86,768,768,768,768,False,0.0,0.0,0.0,1.0,1.0,ok
pair87,768,768,768,768,False,0.0,0.0,0.0,1.0,1.0,ok
pair88,768,768,768,768,False,0.0,0.0,0.0,1.0,1.0,ok
pair89,768,768,768,768,False,0.0,0.0,0.0,1.0,1.0,ok
pair90,768,768,768,768,False,0.0,0.0,0.0,1.0,1.0,ok
pair91,768,768,768,768,False,0.0,0.0,0.0,1.0,1.0,ok
pair92,768,768,768,768,False,0.0,0.0,0.0,1.0,1.0,ok
pair93,768,768,768,768,False,0.0,0.0,0.0,1.0,1.0,ok
pair94,768,768,768,768,False,0.0,0.0,0.0,1.0,1.0,ok
pair95,768,768,768,768,False,0.0,0.0,0.0,1.0,1.0,ok
pair96,768,768,768,768,False,0.0,0.0,0.0,1.0,1.0,ok
pair97,768,768,768,768,False,0.0,0.0,0.0,1.0,1.0,ok
pair98,768,768,768,768,False,0.0,0.0,0.0,1.0,1.0,ok
pair99,853,1024,1024,853,True,0.0,0.0,0.0,1.0,1.0,ok
pair100,853,1024,1024,853,True,0.0,0.0,0.0,1.0,1.0,ok
