dataset,pair_dir,image_file,mask_file,shape_h,shape_w,spacing_x,spacing_y,intensity_min,intensity_max,intensity_mean,intensity_std,intensity_median,intensity_p01,intensity_p05,intensity_p25,intensity_p75,intensity_p95,intensity_p99,intensity_iqr,dynamic_range_p99_p01,zero_fraction,grad_mag_mean,grad_mag_std,entropy_256,lung_mask_available,lung_fraction,lung_intensity_mean,lung_intensity_std
pairs_1_98,pair1,4A.nii.gz,4A_lung_seg.nii.gz,768.0,768.0,0.13899999856948853,0.13899999856948853,0.0,255.0,146.05552673339844,58.51294708251953,159.0,0.0,7.0,119.0,193.0,212.0,219.0,74.0,219.0,0.036809285481770836,3.1796841621398926,6.944770812988281,7.385964050082772,1.0,0.2519785563151042,145.26040649414062,37.73525619506836
pairs_1_98,pair1,4B.nii.gz,4B_lung_seg.nii.gz,768.0,768.0,0.13899999856948853,0.13899999856948853,0.0,255.0,126.65573120117188,69.79342651367188,145.0,0.0,0.0,84.0,185.0,209.0,217.0,101.0,217.0,0.09240892198350695,3.0403921604156494,7.090824604034424,7.270928047022716,1.0,0.20794677734375,144.41427612304688,31.084077835083008
pairs_1_98,pair10,23A.nii.gz,23A_lung_seg.nii.gz,768.0,768.0,0.13899999856948853,0.13899999856948853,0.0,255.0,84.180908203125,86.56672668457031,69.0,0.0,0.0,0.0,160.0,254.0,255.0,160.0,255.0,0.4138353135850694,3.5450847148895264,13.19802188873291,5.203933885263451,1.0,0.07518513997395833,106.28108215332031,42.14856719970703
pairs_1_98,pair10,23B.nii.gz,23B_lung_seg.nii.gz,768.0,768.0,0.13899999856948853,0.13899999856948853,0.0,255.0,93.68594360351562,90.32320404052734,89.0,0.0,0.0,0.0,177.0,254.0,255.0,177.0,255.0,0.39398193359375,3.8492584228515625,13.347552299499512,5.368537767743243,1.0,0.12003072102864583,124.36710357666016,45.856658935546875
pairs_1_98,pair11,6A.nii.gz,6A_lung_seg.nii.gz,768.0,768.0,0.13899999856948853,0.13899999856948853,0.0,255.0,152.2260284423828,50.90912628173828,167.0,0.0,57.0,121.0,191.0,211.0,222.0,70.0,222.0,0.025665283203125,2.9419195652008057,5.443935871124268,7.303181986350593,1.0,0.3630642361111111,135.266357421875,41.97480010986328
pairs_1_98,pair11,6B.nii.gz,6B_lung_seg.nii.gz,768.0,768.0,0.13899999856948853,0.13899999856948853,0.0,255.0,140.80804443359375,55.79792404174805,153.0,0.0,8.0,107.0,182.0,213.0,222.0,75.0,222.0,0.041280110677083336,2.8422470092773438,6.603560447692871,7.425092725205995,1.0,0.3207143147786458,145.757080078125,40.44611740112305
pairs_1_98,pair12,12A.nii.gz,12A_lung_seg.nii.gz,768.0,768.0,0.13899999856948853,0.13899999856948853,0.0,255.0,137.5712432861328,52.2553596496582,142.0,0.0,48.0,102.0,178.0,212.0,223.0,76.0,223.0,0.0227203369140625,2.9587748050689697,5.798929691314697,7.512960476352142,1.0,0.3437381320529514,117.67172241210938,38.010162353515625
pairs_1_98,pair12,12B.nii.gz,12B_lung_seg.nii.gz,768.0,768.0,0.13899999856948853,0.13899999856948853,0.0,255.0,121.65538024902344,61.375282287597656,128.0,0.0,0.0,89.0,164.0,214.0,227.0,75.0,227.0,0.08191426595052083,3.0247888565063477,7.153475761413574,7.393606796155241,1.0,0.2673441569010417,121.1341781616211,34.10894012451172
pairs_1_98,pair13,DD2.nii.gz,DD2_lung_seg.nii.gz,768.0,768.0,0.13899999856948853,0.13899999856948853,0.0,255.0,115.98198699951172,56.9107780456543,118.0,0.0,1.0,80.0,158.0,202.0,208.0,78.0,208.0,0.04974534776475695,3.3153843879699707,7.886382102966309,7.4895410816532895,1.0,0.3001149495442708,114.77120971679688,39.28877258300781
pairs_1_98,pair13,DD3.nii.gz,DD3_lung_seg.nii.gz,768.0,768.0,0.13899999856948853,0.13899999856948853,0.0,255.0,121.38514709472656,65.52082061767578,134.0,0.0,0.0,85.0,170.0,211.0,222.0,85.0,222.0,0.11110602484809028,2.9883198738098145,7.501287937164307,7.2501303172219975,1.0,0.2530517578125,133.09365844726562,33.486839294433594
pairs_1_98,pair14,H1.nii.gz,H1_lung_seg.nii.gz,768.0,768.0,0.13899999856948853,0.13899999856948853,0.0,255.0,133.08424377441406,58.51178741455078,142.0,0.0,0.0,97.0,180.0,211.0,217.0,83.0,217.0,0.056969536675347224,1.9868206977844238,5.585020065307617,7.412258658945019,1.0,0.2184939914279514,136.34849548339844,33.940670013427734
pairs_1_98,pair14,H2.nii.gz,H2_lung_seg.nii.gz,768.0,768.0,0.13899999856948853,0.13899999856948853,0.0,255.0,134.76524353027344,52.342071533203125,144.0,14.0,39.0,96.0,177.0,206.0,213.0,81.0,199.0,0.0005967881944444445,2.6461122035980225,6.1950459480285645,7.566711037883421,1.0,0.3045332166883681,100.90711212158203,40.80386734008789
pairs_1_98,pair15,p1_1.nii.gz,p1_1_lung_seg.nii.gz,768.0,768.0,0.13899999856948853,0.13899999856948853,0.0,255.0,102.1370849609375,42.83145523071289,101.0,0.0,25.0,77.0,130.0,176.0,187.0,53.0,187.0,0.031668768988715276,2.604278087615967,6.066871643066406,7.2238763157345405,1.0,0.3874155680338542,98.86382293701172,27.731630325317383
pairs_1_98,pair15,p1_2.nii.gz,p1_2_lung_seg.nii.gz,768.0,768.0,0.13899999856948853,0.13899999856948853,0.0,255.0,134.64114379882812,62.717613220214844,152.0,0.0,17.0,88.0,190.0,206.0,215.0,102.0,215.0,0.025999281141493056,2.837141990661621,3.4639782905578613,7.534342606436622,1.0,0.3281148274739583,154.49411010742188,34.09438705444336
pairs_1_98,pair2,25A.nii.gz,25A_lung_seg.nii.gz,768.0,768.0,0.13899999856948853,0.13899999856948853,0.0,255.0,108.36650085449219,60.143333435058594,106.0,0.0,7.0,65.0,157.0,205.0,214.0,92.0,214.0,0.03233676486545139,3.5216658115386963,7.0798821449279785,7.68556813397297,1.0,0.3748626708984375,117.30220031738281,40.350704193115234
pairs_1_98,pair2,25B.nii.gz,25B_lung_seg.nii.gz,768.0,768.0,0.13899999856948853,0.13899999856948853,0.0,255.0,119.74169921875,60.39602279663086,123.0,0.0,3.0,81.0,167.0,208.0,217.0,86.0,217.0,0.046454535590277776,3.1419858932495117,6.948822498321533,7.598766210141765,1.0,0.3007558186848958,125.66527557373047,30.165882110595703
pairs_1_98,pair3,B3.nii.gz,B3_lung_seg.nii.gz,768.0,768.0,0.13899999856948853,0.13899999856948853,0.0,255.0,144.52159118652344,57.200355529785156,159.0,0.0,16.0,108.0,192.0,210.0,217.0,84.0,217.0,0.036034478081597224,3.194634437561035,6.634127616882324,7.3887061791611295,1.0,0.2515190972222222,134.33639526367188,41.9028205871582
pairs_1_98,pair3,B4.nii.gz,B4_lung_seg.nii.gz,768.0,768.0,0.13899999856948853,0.13899999856948853,0.0,255.0,148.9908905029297,55.167564392089844,162.0,0.0,28.0,119.0,195.0,211.0,217.0,76.0,217.0,0.026628282335069444,3.0432186126708984,6.125072956085205,7.3730021870891,1.0,0.2686598036024306,134.1109161376953,39.955169677734375
pairs_1_98,pair4,17A.nii.gz,17A_lung_seg.nii.gz,768.0,768.0,0.13899999856948853,0.13899999856948853,0.0,255.0,128.2416229248047,53.72770309448242,137.0,0.0,19.0,96.0,172.0,199.0,207.0,76.0,207.0,0.03358289930555555,3.170718193054199,5.984251499176025,7.467427353375475,1.0,0.3702969021267361,122.52732849121094,39.35929870605469
pairs_1_98,pair4,17B.nii.gz,17B_lung_seg.nii.gz,768.0,768.0,0.13899999856948853,0.13899999856948853,0.0,255.0,123.37882232666016,59.123451232910156,127.0,0.0,1.0,84.0,170.0,209.0,221.0,86.0,221.0,0.04972669813368055,3.073467254638672,7.150615215301514,7.558247126695763,1.0,0.2922532823350694,122.75682830810547,40.09685516357422
pairs_1_98,pair5,A3.nii.gz,A3_lung_seg.nii.gz,768.0,768.0,0.13899999856948853,0.13899999856948853,0.0,255.0,139.1103973388672,55.097076416015625,151.0,0.0,1.0,113.0,176.0,211.0,218.0,63.0,218.0,0.04705810546875,2.0660531520843506,3.05525279045105,7.331231824535293,1.0,0.32647705078125,142.4412841796875,37.74808883666992
pairs_1_98,pair5,A4.nii.gz,A4_lung_seg.nii.gz,768.0,768.0,0.13899999856948853,0.13899999856948853,0.0,255.0,139.8428955078125,58.11970138549805,154.0,0.0,5.0,113.0,181.0,211.0,218.0,68.0,218.0,0.04133945041232639,2.301389455795288,3.2222554683685303,7.3701675954234425,1.0,0.3510911729600694,149.32823181152344,37.09375
pairs_1_98,pair6,CC1.nii.gz,CC1_lung_seg.nii.gz,768.0,768.0,0.13899999856948853,0.13899999856948853,0.0,255.0,133.98269653320312,59.94325256347656,144.0,0.0,0.0,101.0,181.0,211.0,221.0,80.0,221.0,0.062201605902777776,3.9032249450683594,7.3518290519714355,7.431788130430365,1.0,0.3209703233506944,140.86643981933594,45.64667892456055
pairs_1_98,pair6,CC2.nii.gz,CC2_lung_seg.nii.gz,768.0,768.0,0.13899999856948853,0.13899999856948853,0.0,255.0,102.91619110107422,63.60594177246094,105.0,2.0,13.0,35.0,163.0,194.0,201.0,128.0,199.0,0.007578531901041667,3.672173023223877,6.516341686248779,7.397193990568616,1.0,0.2562984890407986,122.45471954345703,41.408897399902344
pairs_1_98,pair7,J3.nii.gz,J3_lung_seg.nii.gz,768.0,768.0,0.13899999856948853,0.13899999856948853,0.0,255.0,128.60316467285156,55.661407470703125,132.0,0.0,22.0,91.0,168.0,213.0,226.0,77.0,226.0,0.025519476996527776,3.2822303771972656,7.5913004875183105,7.6363440838577965,1.0,0.2927093505859375,133.79359436035156,43.844818115234375
pairs_1_98,pair7,J4.nii.gz,J4_lung_seg.nii.gz,768.0,768.0,0.13899999856948853,0.13899999856948853,0.0,255.0,137.0089874267578,56.727752685546875,147.0,0.0,11.0,103.0,177.0,218.0,226.0,74.0,226.0,0.0400238037109375,3.057459592819214,6.979147434234619,7.520127603470025,1.0,0.2939690483940972,136.6907501220703,44.66335678100586
pairs_1_98,pair8,p4_2.nii.gz,p4_2_lung_seg.nii.gz,768.0,768.0,0.13899999856948853,0.13899999856948853,0.0,255.0,106.07913970947266,62.905059814453125,107.0,0.0,5.0,60.0,162.0,199.0,207.0,102.0,207.0,0.029735989040798612,2.5567007064819336,3.8752567768096924,7.486856212296868,1.0,0.2990281846788194,126.34490203857422,39.67653274536133
pairs_1_98,pair8,p4_3.nii.gz,p4_3_lung_seg.nii.gz,768.0,768.0,0.13899999856948853,0.13899999856948853,0.0,255.0,147.61207580566406,50.59128952026367,159.0,3.0,49.0,119.0,184.0,213.0,219.0,65.0,216.0,0.009535047743055556,2.56634521484375,3.091423988342285,7.462381662385838,1.0,0.4131995307074653,137.19210815429688,44.823307037353516
pairs_1_98,pair9,p3_1.nii.gz,p3_1_lung_seg.nii.gz,768.0,768.0,0.13899999856948853,0.13899999856948853,0.0,255.0,133.35162353515625,58.17097473144531,144.0,0.0,0.0,102.0,181.0,205.0,214.0,79.0,214.0,0.06345282660590278,2.3969833850860596,2.90383243560791,7.338082080069576,1.0,0.3330959743923611,133.62428283691406,39.01091766357422
pairs_1_98,pair9,p3_2.nii.gz,p3_2_lung_seg.nii.gz,768.0,768.0,0.13899999856948853,0.13899999856948853,0.0,255.0,136.29901123046875,63.646053314208984,149.0,0.0,0.0,102.0,189.0,213.0,220.0,87.0,220.0,0.09271070692274305,2.7654809951782227,3.4777207374572754,7.219071126019484,1.0,0.3770378960503472,135.2249755859375,42.23170852661133
pairs_1_98,pair16,C2.nii.gz,C2_lung_seg.nii.gz,768.0,768.0,0.13899999856948853,0.13899999856948853,0.0,255.0,140.47579956054688,49.56953430175781,146.0,29.0,51.0,105.0,183.0,210.0,221.0,78.0,192.0,0.00023905436197916666,2.6425483226776123,6.035726547241211,7.5462371023621575,1.0,0.3363783094618056,126.92276000976562,32.41511535644531
pairs_1_98,pair16,C3.nii.gz,C3_lung_seg.nii.gz,768.0,768.0,0.13899999856948853,0.13899999856948853,0.0,255.0,136.56369018554688,55.24055099487305,140.0,0.0,38.0,95.0,186.0,212.0,222.0,91.0,222.0,0.012976752387152778,2.5856528282165527,6.657774925231934,7.61146367400832,1.0,0.24937269422743055,110.56149291992188,32.27812576293945
pairs_1_98,pair17,E2.nii.gz,E2_lung_seg.nii.gz,768.0,768.0,0.13899999856948853,0.13899999856948853,0.0,255.0,139.2127227783203,62.88563537597656,154.0,0.0,1.0,108.0,190.0,212.0,220.0,82.0,220.0,0.048665364583333336,3.691347360610962,7.407145977020264,7.42355827334954,1.0,0.3119710286458333,150.17245483398438,32.49482727050781
pairs_1_98,pair17,E3.nii.gz,E3_lung_seg.nii.gz,768.0,768.0,0.13899999856948853,0.13899999856948853,0.0,255.0,132.2803192138672,63.1285400390625,147.0,0.0,0.0,97.0,184.0,207.0,214.0,87.0,214.0,0.0612030029296875,3.4373233318328857,6.898033618927002,7.367944333528778,1.0,0.3155687120225694,134.40518188476562,40.35935974121094
pairs_1_98,pair18,I1.nii.gz,I1_lung_seg.nii.gz,768.0,768.0,0.13899999856948853,0.13899999856948853,0.0,255.0,128.74432373046875,54.27271270751953,132.0,0.0,24.0,90.0,178.0,200.0,208.0,88.0,208.0,0.017244127061631944,3.716115713119507,6.053282260894775,7.519203863962593,1.0,0.3274247911241319,123.89055633544922,44.944339752197266
pairs_1_98,pair18,I2.nii.gz,I2_lung_seg.nii.gz,768.0,768.0,0.13899999856948853,0.13899999856948853,0.0,255.0,138.12977600097656,57.48276138305664,153.0,0.0,18.0,100.0,185.0,210.0,219.0,85.0,219.0,0.03518507215711805,3.9355549812316895,6.875140190124512,7.48932583023855,1.0,0.2990451388888889,127.56991577148438,48.70193862915039
pairs_1_98,pair19,C_E1.nii.gz,C_E1_lung_seg.nii.gz,768.0,768.0,0.13899999856948853,0.13899999856948853,0.0,255.0,138.20298767089844,57.452911376953125,152.0,0.0,18.0,100.0,183.0,211.0,224.0,83.0,224.0,0.031682332356770836,2.4546055793762207,3.448470115661621,7.556315863252745,1.0,0.27008056640625,131.19586181640625,37.50288391113281
pairs_1_98,pair19,C_E2.nii.gz,C_E2_lung_seg.nii.gz,768.0,768.0,0.13899999856948853,0.13899999856948853,0.0,255.0,141.1140899658203,49.33881378173828,153.0,0.0,43.0,116.0,176.0,205.0,214.0,60.0,214.0,0.020280626085069444,2.242842197418213,3.3320088386535645,7.373356527989024,1.0,0.2964664035373264,118.0936050415039,40.10233688354492
pairs_1_98,pair20,C_R1.nii.gz,C_R1_lung_seg.nii.gz,768.0,768.0,0.13899999856948853,0.13899999856948853,0.0,255.0,123.41493225097656,59.35194396972656,123.0,0.0,15.0,80.0,177.0,209.0,218.0,97.0,218.0,0.014951917860243056,2.370356559753418,3.6735033988952637,7.695156910937993,1.0,0.2108730740017361,130.39227294921875,44.156124114990234
pairs_1_98,pair20,C_R2.nii.gz,C_R2_lung_seg.nii.gz,768.0,768.0,0.13899999856948853,0.13899999856948853,0.0,255.0,118.96920776367188,54.453914642333984,118.0,0.0,13.0,88.0,159.0,204.0,217.0,71.0,217.0,0.03045654296875,2.207791328430176,3.0540008544921875,7.565995853994416,1.0,0.3154483371310764,120.14855194091797,42.51069641113281
pairs_1_98,pair21,C_N1.nii.gz,C_N1_lung_seg.nii.gz,768.0,768.0,0.13899999856948853,0.13899999856948853,0.0,255.0,139.03846740722656,58.84842300415039,149.0,0.0,0.0,105.0,187.0,211.0,219.0,82.0,219.0,0.057378133138020836,1.9638456106185913,2.9533181190490723,7.364749814353283,1.0,0.3652411566840278,124.75113677978516,44.53255844116211
pairs_1_98,pair21,C_N2.nii.gz,C_N2_lung_seg.nii.gz,768.0,768.0,0.13899999856948853,0.13899999856948853,0.0,255.0,125.78238677978516,66.0625,136.0,0.0,0.0,89.0,181.0,210.0,219.0,92.0,219.0,0.1034579806857639,2.176375150680542,4.078639030456543,7.232869949436618,1.0,0.2546946207682292,134.30140686035156,37.42888259887695
pairs_1_98,pair22,C_B1.nii.gz,C_B1_lung_seg.nii.gz,768.0,768.0,0.13899999856948853,0.13899999856948853,0.0,255.0,132.67852783203125,62.64032745361328,148.0,0.0,0.0,96.0,179.0,217.0,226.0,83.0,226.0,0.08393181694878472,2.498839855194092,3.631589412689209,7.335761228698999,1.0,0.3048112657335069,127.80276489257812,48.24252700805664
pairs_1_98,pair22,C_B2.nii.gz,C_B2_lung_seg.nii.gz,768.0,768.0,0.13899999856948853,0.13899999856948853,0.0,255.0,164.91500854492188,64.16705322265625,190.0,0.0,0.0,140.0,213.0,220.0,228.0,73.0,228.0,0.0693478054470486,2.8276748657226562,4.594951629638672,6.844785372859907,1.0,0.2757653130425347,168.1794891357422,37.712806701660156
pairs_1_98,pair23,36C.nii.gz,36C_lung_seg.nii.gz,768.0,768.0,0.13899999856948853,0.13899999856948853,0.0,255.0,142.45887756347656,51.48314666748047,161.0,0.0,34.0,117.0,176.0,199.0,218.0,59.0,218.0,0.03322177463107639,2.977860689163208,6.724483013153076,7.198668471341538,1.0,0.3480987548828125,118.5020523071289,42.14146423339844
pairs_1_98,pair23,36D.nii.gz,36D_lung_seg.nii.gz,768.0,768.0,0.13899999856948853,0.13899999856948853,0.0,255.0,132.4735565185547,44.72993469238281,144.0,0.0,37.0,112.0,165.0,184.0,191.0,53.0,191.0,0.021898057725694444,3.0073306560516357,6.12482213973999,7.145986846643034,1.0,0.3591105143229167,111.3643798828125,39.37297058105469
pairs_1_98,pair24,31A.nii.gz,31A_lung_seg.nii.gz,768.0,768.0,0.13899999856948853,0.13899999856948853,0.0,255.0,130.84242248535156,54.74640655517578,132.0,0.0,31.0,93.0,175.0,212.0,222.0,82.0,222.0,0.033447265625,2.8900692462921143,6.5528974533081055,7.534703454498259,1.0,0.3843231201171875,126.51565551757812,37.51498031616211
pairs_1_98,pair24,31B.nii.gz,31B_lung_seg.nii.gz,768.0,768.0,0.13899999856948853,0.13899999856948853,0.0,255.0,138.94647216796875,48.58890914916992,141.0,0.0,55.0,109.0,175.0,212.0,223.0,66.0,223.0,0.018103705512152776,2.9704060554504395,6.7478718757629395,7.456302136683216,1.0,0.4427490234375,134.07061767578125,36.2911491394043
pairs_1_98,pair25,24A.nii.gz,24A_lung_seg.nii.gz,768.0,768.0,0.13899999856948853,0.13899999856948853,0.0,255.0,97.86396789550781,89.50053405761719,103.0,0.0,0.0,0.0,175.0,254.0,255.0,175.0,255.0,0.371551513671875,3.7354660034179688,13.526596069335938,5.522407229313799,1.0,0.13534037272135416,129.30604553222656,41.675411224365234
pairs_1_98,pair25,24B.nii.gz,24B_lung_seg.nii.gz,768.0,768.0,0.13899999856948853,0.13899999856948853,0.0,255.0,93.16610717773438,84.09814453125,105.0,0.0,0.0,0.0,155.0,254.0,255.0,155.0,255.0,0.3629133436414931,3.5835070610046387,13.078729629516602,5.4834667843195195,1.0,0.1626196967230903,112.01106262207031,42.58833694458008
pairs_1_98,pair26,1A.nii.gz,1A_lung_seg.nii.gz,768.0,768.0,0.13899999856948853,0.13899999856948853,0.0,255.0,127.20201110839844,53.64478302001953,133.0,0.0,11.0,92.0,164.0,211.0,221.0,72.0,221.0,0.04086473253038195,2.9966554641723633,6.3155837059021,7.473932893504399,1.0,0.4055667453342014,120.7730712890625,39.14470291137695
pairs_1_98,pair26,1B.nii.gz,1B_lung_seg.nii.gz,768.0,768.0,0.13899999856948853,0.13899999856948853,0.0,255.0,124.46340942382812,60.07508850097656,130.0,0.0,0.0,84.0,172.0,210.0,218.0,88.0,218.0,0.05001491970486111,3.0112507343292236,6.452743053436279,7.559000208526335,1.0,0.3148464626736111,124.45905303955078,43.55429458618164
pairs_1_98,pair27,2A.nii.gz,2A_lung_seg.nii.gz,768.0,768.0,0.13899999856948853,0.13899999856948853,0.0,255.0,139.95196533203125,53.29787063598633,150.0,0.0,32.0,107.0,180.0,212.0,221.0,73.0,221.0,0.023776584201388888,3.2057507038116455,7.639620780944824,7.515219580987901,1.0,0.3386756049262153,128.98855590820312,41.63041305541992
pairs_1_98,pair27,2B.nii.gz,2B_lung_seg.nii.gz,768.0,768.0,0.13899999856948853,0.13899999856948853,0.0,255.0,134.47784423828125,51.41242980957031,143.0,0.0,39.0,101.0,177.0,202.0,212.0,76.0,212.0,0.014361911349826388,3.1653683185577393,6.5272979736328125,7.513483223949694,1.0,0.2759874131944444,117.65522766113281,40.5500602722168
pairs_1_98,pair28,p2_1.nii.gz,p2_1_lung_seg.nii.gz,768.0,768.0,0.13899999856948853,0.13899999856948853,0.0,255.0,136.11236572265625,62.477691650390625,149.0,0.0,0.0,105.0,185.0,210.0,216.0,80.0,216.0,0.09500969780815972,2.2037811279296875,3.1066250801086426,7.121541601754342,1.0,0.3485582139756944,133.79632568359375,35.98786544799805
pairs_1_98,pair28,p2_3.nii.gz,p2_3_lung_seg.nii.gz,768.0,768.0,0.13899999856948853,0.13899999856948853,0.0,255.0,146.27149963378906,55.15536117553711,157.0,0.0,11.0,118.0,191.0,210.0,220.0,73.0,220.0,0.03934902615017361,2.7081875801086426,3.904977798461914,7.340932697995659,1.0,0.3582848442925347,154.01077270507812,31.727235794067383
pairs_1_98,pair29,C_K1.nii.gz,C_K1_lung_seg.nii.gz,768.0,768.0,0.13899999856948853,0.13899999856948853,0.0,255.0,135.210205078125,54.692623138427734,139.0,0.0,27.0,102.0,177.0,215.0,226.0,75.0,226.0,0.032982720269097224,2.8386950492858887,4.283891201019287,7.556045653080276,1.0,0.3405558268229167,129.7815399169922,39.09922409057617
pairs_1_98,pair29,C_K2.nii.gz,C_K2_lung_seg.nii.gz,768.0,768.0,0.13899999856948853,0.13899999856948853,0.0,255.0,136.00848388671875,56.313331604003906,148.0,0.0,16.0,100.0,177.0,211.0,221.0,77.0,221.0,0.03945753309461805,2.6699068546295166,3.306043863296509,7.50278017778753,1.0,0.4051971435546875,138.30345153808594,40.47028732299805
pairs_1_98,pair30,C_T1.nii.gz,C_T1_lung_seg.nii.gz,768.0,768.0,0.13899999856948853,0.13899999856948853,0.0,255.0,132.509033203125,60.703529357910156,145.0,0.0,5.0,90.0,183.0,210.0,216.0,93.0,216.0,0.04289415147569445,2.333540678024292,3.1147193908691406,7.52245818328944,1.0,0.16946919759114584,124.09110260009766,42.51408386230469
pairs_1_98,pair30,C_T2.nii.gz,C_T2_lung_seg.nii.gz,768.0,768.0,0.13899999856948853,0.13899999856948853,0.0,255.0,176.677978515625,55.558467864990234,205.0,0.0,43.0,154.0,215.0,220.0,225.0,61.0,225.0,0.03277757432725695,2.2733027935028076,3.584270477294922,6.646822669707935,1.0,0.13364664713541666,188.54833984375,29.429841995239258
pairs_1_98,pair31,35A.nii.gz,35A_lung_seg.nii.gz,768.0,768.0,0.13899999856948853,0.13899999856948853,0.0,255.0,119.08768463134766,59.01947021484375,134.0,0.0,0.0,89.0,165.0,189.0,200.0,76.0,200.0,0.11098564995659722,3.7180192470550537,7.626643657684326,7.028214106821411,1.0,0.3239457872178819,122.19518280029297,36.57978439331055
pairs_1_98,pair31,35B.nii.gz,35B_lung_seg.nii.gz,768.0,768.0,0.13899999856948853,0.13899999856948853,0.0,255.0,133.37994384765625,62.493011474609375,149.0,0.0,0.0,99.0,183.0,207.0,216.0,84.0,216.0,0.08528984917534722,4.181923866271973,7.626847743988037,7.254505577943503,1.0,0.3275010850694444,131.2521514892578,39.198062896728516
pairs_1_98,pair32,C_L1.nii.gz,C_L1_lung_seg.nii.gz,768.0,768.0,0.13899999856948853,0.13899999856948853,0.0,255.0,135.8459014892578,57.150665283203125,141.0,0.0,22.0,101.0,184.0,210.0,220.0,83.0,220.0,0.033806694878472224,2.0672037601470947,3.0667269229888916,7.515486418584751,1.0,0.2517598470052083,111.94124603271484,46.01962661743164
pairs_1_98,pair32,C_L2.nii.gz,C_L2_lung_seg.nii.gz,768.0,768.0,0.13899999856948853,0.13899999856948853,0.0,255.0,141.9961395263672,56.05701446533203,155.0,0.0,15.0,113.0,185.0,207.0,214.0,72.0,214.0,0.044545491536458336,1.8955410718917847,2.7698585987091064,7.282761370033335,1.0,0.2647332085503472,118.28012084960938,40.95697784423828
pairs_1_98,pair33,A1.nii.gz,A1_lung_seg.nii.gz,768.0,768.0,0.13899999856948853,0.13899999856948853,0.0,255.0,137.8072052001953,54.285125732421875,142.0,0.0,29.0,106.0,181.0,212.0,217.0,75.0,217.0,0.029352823893229168,2.507737398147583,5.768203258514404,7.462630579580795,1.0,0.3596089680989583,133.50157165527344,40.29356384277344
pairs_1_98,pair33,A2.nii.gz,A2_lung_seg.nii.gz,768.0,768.0,0.13899999856948853,0.13899999856948853,0.0,255.0,131.85621643066406,57.516456604003906,142.0,0.0,0.0,102.0,174.0,209.0,215.0,72.0,215.0,0.06581793891059028,2.092313289642334,3.133462905883789,7.310926074187286,1.0,0.3812103271484375,137.6170654296875,44.27302932739258
pairs_1_98,pair34,14A.nii.gz,14A_lung_seg.nii.gz,768.0,768.0,0.13899999856948853,0.13899999856948853,0.0,255.0,132.02635192871094,59.057491302490234,138.0,0.0,8.0,94.0,180.0,214.0,221.0,86.0,221.0,0.04031541612413195,3.8376779556274414,7.122677326202393,7.571372315863246,1.0,0.3368581136067708,132.493896484375,40.38649368286133
pairs_1_98,pair34,14B.nii.gz,14B_lung_seg.nii.gz,768.0,768.0,0.13899999856948853,0.13899999856948853,0.0,255.0,143.60498046875,59.064117431640625,158.0,0.0,0.0,121.0,186.0,210.0,221.0,65.0,221.0,0.06354607476128472,3.152385711669922,7.210283279418945,7.245543373644993,1.0,0.3470458984375,159.71389770507812,32.52755355834961
pairs_1_98,pair35,C_O1.nii.gz,C_O1_lung_seg.nii.gz,768.0,768.0,0.13899999856948853,0.13899999856948853,0.0,255.0,134.33111572265625,55.01432800292969,139.0,0.0,29.0,101.0,176.0,211.0,222.0,75.0,222.0,0.025577121310763888,1.7425447702407837,2.6373395919799805,7.577104390314464,1.0,0.2524617513020833,122.70271301269531,35.53201675415039
pairs_1_98,pair35,C_O2.nii.gz,C_O2_lung_seg.nii.gz,768.0,768.0,0.13899999856948853,0.13899999856948853,0.0,255.0,135.50445556640625,57.40677261352539,146.0,0.0,18.0,98.0,183.0,207.0,212.0,85.0,212.0,0.027509901258680556,2.3644542694091797,3.7422919273376465,7.506751983777473,1.0,0.24255201551649305,119.0206298828125,41.367210388183594
pairs_1_98,pair36,26A.nii.gz,26A_lung_seg.nii.gz,768.0,768.0,0.13899999856948853,0.13899999856948853,0.0,255.0,141.0035858154297,54.92097473144531,153.0,0.0,14.0,116.0,183.0,207.0,218.0,67.0,218.0,0.036278618706597224,3.0790770053863525,7.620601654052734,7.40560965649381,1.0,0.2702653672960069,145.62677001953125,32.622432708740234
pairs_1_98,pair36,26B.nii.gz,26B_lung_seg.nii.gz,768.0,768.0,0.13899999856948853,0.13899999856948853,0.0,255.0,137.56251525878906,58.08103942871094,147.0,0.0,0.0,107.0,181.0,211.0,224.0,74.0,224.0,0.051381429036458336,3.2398464679718018,6.331515312194824,7.452251987150325,1.0,0.3342641194661458,123.4721908569336,42.278350830078125
pairs_1_98,pair37,J1.nii.gz,J1_lung_seg.nii.gz,768.0,768.0,0.13899999856948853,0.13899999856948853,0.0,255.0,128.08642578125,55.46117401123047,145.0,0.0,12.0,91.0,170.0,195.0,214.0,79.0,214.0,0.03388807508680555,3.074896812438965,7.335890293121338,7.4143173634202375,1.0,0.24570719401041666,129.6681365966797,34.91630935668945
pairs_1_98,pair37,J2.nii.gz,J2_lung_seg.nii.gz,768.0,768.0,0.13899999856948853,0.13899999856948853,0.0,255.0,134.4094696044922,56.01936340332031,145.0,0.0,9.0,102.0,172.0,214.0,226.0,70.0,226.0,0.03808254665798611,2.8897552490234375,6.976228713989258,7.511799701824142,1.0,0.3075459798177083,134.28074645996094,42.500572204589844
pairs_1_98,pair38,C_D1.nii.gz,C_D1_lung_seg.nii.gz,768.0,768.0,0.13899999856948853,0.13899999856948853,0.0,255.0,131.74525451660156,54.380950927734375,136.0,0.0,23.0,98.0,173.0,211.0,221.0,75.0,221.0,0.025341457790798612,2.3728537559509277,3.1834051609039307,7.574719408515252,1.0,0.2421908908420139,116.7857894897461,40.88373947143555
pairs_1_98,pair38,C_D2.nii.gz,C_D2_lung_seg.nii.gz,768.0,768.0,0.13899999856948853,0.13899999856948853,0.0,255.0,146.09869384765625,50.11561965942383,155.0,2.0,54.0,113.0,184.0,213.0,225.0,71.0,223.0,0.0092926025390625,2.341925621032715,3.4833645820617676,7.52526497660805,1.0,0.4766760932074653,132.78408813476562,44.403167724609375
pairs_1_98,pair39,37A.nii.gz,37A_lung_seg.nii.gz,768.0,768.0,0.13899999856948853,0.13899999856948853,0.0,255.0,163.637451171875,64.10037994384766,195.0,0.0,0.0,142.0,207.0,218.0,228.0,65.0,228.0,0.05740525987413195,3.5541086196899414,7.745762825012207,6.892131044558827,1.0,0.2269168429904514,176.91400146484375,33.01561737060547
pairs_1_98,pair39,37B.nii.gz,37B_lung_seg.nii.gz,768.0,768.0,0.13899999856948853,0.13899999856948853,0.0,255.0,147.40548706054688,43.271427154541016,157.0,38.0,60.0,122.0,178.0,206.0,214.0,56.0,176.0,9.494357638888889e-05,3.181647300720215,5.771533012390137,7.314679649408374,1.0,0.348968505859375,123.07952880859375,44.62359619140625
pairs_1_98,pair40,13A.nii.gz,13A_lung_seg.nii.gz,768.0,768.0,0.13899999856948853,0.13899999856948853,0.0,255.0,142.31434631347656,46.572200775146484,144.0,3.0,54.0,116.0,180.0,206.0,220.0,64.0,217.0,0.007921006944444444,3.0147643089294434,5.772594451904297,7.4366780686394645,1.0,0.3246866861979167,112.86308288574219,37.28110122680664
pairs_1_98,pair40,13B.nii.gz,13B_lung_seg.nii.gz,768.0,768.0,0.13899999856948853,0.13899999856948853,0.0,255.0,132.78369140625,57.8560791015625,135.0,0.0,7.0,98.0,182.0,213.0,227.0,84.0,227.0,0.042073567708333336,2.205579996109009,6.1236796379089355,7.522553556895414,1.0,0.2271948920355903,104.75728607177734,31.282724380493164
pairs_1_98,pair41,C_Q1.nii.gz,C_Q1_lung_seg.nii.gz,768.0,768.0,0.13899999856948853,0.13899999856948853,0.0,255.0,125.87688446044922,63.315921783447266,138.0,0.0,0.0,92.0,171.0,212.0,219.0,79.0,219.0,0.1097293429904514,2.633110284805298,4.063179969787598,7.166859345621351,1.0,0.3948262532552083,134.9589080810547,39.40464401245117
pairs_1_98,pair41,C_Q2.nii.gz,C_Q2_lung_seg.nii.gz,768.0,768.0,0.13899999856948853,0.13899999856948853,0.0,255.0,140.0009002685547,53.54107666015625,145.0,0.0,37.0,106.0,181.0,216.0,228.0,75.0,228.0,0.039388020833333336,2.797604560852051,3.7765884399414062,7.449059677747,1.0,0.5056542290581597,134.47784423828125,41.35445785522461
pairs_1_98,pair42,22A.nii.gz,22A_lung_seg.nii.gz,768.0,768.0,0.13899999856948853,0.13899999856948853,0.0,255.0,92.02650451660156,88.7821273803711,90.0,0.0,0.0,0.0,172.0,254.0,255.0,172.0,255.0,0.3980662027994792,3.831882953643799,13.119881629943848,5.307953865526022,1.0,0.1705864800347222,114.38240814208984,40.4332160949707
pairs_1_98,pair42,22B.nii.gz,22B_lung_seg.nii.gz,768.0,768.0,0.13899999856948853,0.13899999856948853,0.0,255.0,83.47474670410156,82.55683135986328,83.0,0.0,0.0,0.0,139.0,254.0,255.0,139.0,255.0,0.3850487603081597,3.82875919342041,13.207823753356934,5.42789668191033,1.0,0.17544047037760416,106.1116714477539,37.242645263671875
pairs_1_98,pair43,11A.nii.gz,11A_lung_seg.nii.gz,768.0,768.0,0.13899999856948853,0.13899999856948853,0.0,255.0,128.942626953125,56.91708755493164,131.0,0.0,17.0,92.0,176.0,211.0,218.0,84.0,218.0,0.03697374131944445,2.702100992202759,7.060617923736572,7.545529019067233,1.0,0.2658911810980903,125.38688659667969,43.2081184387207
pairs_1_98,pair43,11B.nii.gz,11B_lung_seg.nii.gz,768.0,768.0,0.13899999856948853,0.13899999856948853,0.0,255.0,133.08428955078125,56.92543411254883,140.0,0.0,19.0,99.0,178.0,210.0,221.0,79.0,221.0,0.024900648328993056,2.902003288269043,7.240549564361572,7.611326837533326,1.0,0.2930382622612847,118.34133911132812,46.022850036621094
pairs_1_98,pair44,G1.nii.gz,G1_lung_seg.nii.gz,768.0,768.0,0.13899999856948853,0.13899999856948853,0.0,255.0,128.6664276123047,52.09906005859375,133.0,0.0,22.0,97.0,169.0,203.0,211.0,72.0,211.0,0.032601250542534724,3.117027759552002,6.84880256652832,7.460449516166765,1.0,0.368377685546875,120.33442687988281,36.227115631103516
pairs_1_98,pair44,G2.nii.gz,G2_lung_seg.nii.gz,768.0,768.0,0.13899999856948853,0.13899999856948853,0.0,255.0,149.71737670898438,50.42885971069336,162.0,0.0,52.0,118.0,187.0,213.0,220.0,69.0,220.0,0.012479994032118056,2.8249521255493164,6.158684730529785,7.4133129114929215,1.0,0.3896518283420139,135.38433837890625,40.18130111694336
pairs_1_98,pair45,D1.nii.gz,D1_lung_seg.nii.gz,768.0,768.0,0.13899999856948853,0.13899999856948853,0.0,255.0,117.78346252441406,60.26272201538086,118.0,0.0,7.0,77.0,176.0,197.0,205.0,99.0,205.0,0.030280219184027776,3.1798391342163086,6.9355621337890625,7.4976510066400195,1.0,0.15981547037760416,112.17665100097656,34.77206039428711
pairs_1_98,pair45,D2.nii.gz,D2_lung_seg.nii.gz,768.0,768.0,0.13899999856948853,0.13899999856948853,0.0,255.0,119.97801208496094,59.99913024902344,121.0,0.0,10.0,80.0,173.0,204.0,210.0,93.0,210.0,0.019736395941840276,3.692399740219116,7.79651403427124,7.587277252648854,1.0,0.2674645317925347,116.37767028808594,38.431339263916016
pairs_1_98,pair46,C_M1.nii.gz,C_M1_lung_seg.nii.gz,768.0,768.0,0.13899999856948853,0.13899999856948853,0.0,255.0,130.62579345703125,52.213287353515625,131.0,19.0,38.0,91.0,177.0,207.0,218.0,86.0,199.0,0.0003763834635416667,1.833862543106079,3.0818233489990234,7.611110702066934,1.0,0.3380855984157986,120.21790313720703,40.40504837036133
pairs_1_98,pair46,C_M2.nii.gz,C_M2_lung_seg.nii.gz,768.0,768.0,0.13899999856948853,0.13899999856948853,0.0,255.0,130.65016174316406,58.775856018066406,141.0,0.0,0.0,97.0,177.0,204.0,214.0,80.0,214.0,0.053548177083333336,2.156123161315918,2.985431671142578,7.424759852611914,1.0,0.2699347601996528,120.58099365234375,37.08411407470703
pairs_1_98,pair47,C_G1.nii.gz,C_G1_lung_seg.nii.gz,768.0,768.0,0.13899999856948853,0.13899999856948853,0.0,255.0,136.89657592773438,48.14638137817383,139.0,2.0,55.0,103.0,178.0,204.0,211.0,75.0,209.0,0.009548611111111112,2.608858823776245,2.9470608234405518,7.451935559877214,1.0,0.4870876736111111,125.37576293945312,39.460426330566406
pairs_1_98,pair47,C_G2.nii.gz,C_G2_lung_seg.nii.gz,768.0,768.0,0.13899999856948853,0.13899999856948853,0.0,255.0,149.83123779296875,49.28400802612305,163.0,0.0,47.0,129.0,188.0,201.0,210.0,59.0,210.0,0.033101399739583336,2.391516923904419,3.444657325744629,7.095997890945284,1.0,0.3621995713975694,135.64321899414062,36.94992446899414
pairs_1_98,pair48,34A.nii.gz,34A_lung_seg.nii.gz,768.0,768.0,0.13899999856948853,0.13899999856948853,0.0,255.0,134.47042846679688,56.41963195800781,143.0,0.0,19.0,101.0,180.0,206.0,212.0,79.0,212.0,0.026397705078125,3.1323885917663574,5.993445873260498,7.510853189434725,1.0,0.2996978759765625,112.46736907958984,42.154685974121094
pairs_1_98,pair48,34B.nii.gz,34B_lung_seg.nii.gz,768.0,768.0,0.13899999856948853,0.13899999856948853,0.0,255.0,140.5405731201172,52.9506950378418,143.0,10.0,46.0,101.0,189.0,210.0,216.0,88.0,206.0,0.005918714735243056,3.3231000900268555,6.0428619384765625,7.511527268513191,1.0,0.3390909830729167,119.09275817871094,40.21115493774414
pairs_1_98,pair49,32A.nii.gz,32A_lung_seg.nii.gz,768.0,768.0,0.13899999856948853,0.13899999856948853,0.0,255.0,137.95823669433594,52.97523880004883,145.0,0.0,47.0,100.0,179.0,212.0,224.0,79.0,224.0,0.025763617621527776,3.342623472213745,6.553634166717529,7.52778817385701,1.0,0.4416842990451389,125.66310119628906,42.599632263183594
pairs_1_98,pair49,32B.nii.gz,32B_lung_seg.nii.gz,768.0,768.0,0.13899999856948853,0.13899999856948853,0.0,255.0,136.56353759765625,55.96306228637695,142.0,0.0,19.0,99.0,183.0,211.0,221.0,84.0,221.0,0.039311726888020836,3.3642988204956055,7.050783157348633,7.487411978851638,1.0,0.4331037733289931,127.65779113769531,39.13798522949219
pairs_1_98,pair50,15A.nii.gz,15A_lung_seg.nii.gz,768.0,768.0,0.13899999856948853,0.13899999856948853,0.0,255.0,137.91046142578125,58.446189880371094,149.0,0.0,0.0,102.0,188.0,206.0,222.0,86.0,222.0,0.0521240234375,3.2957265377044678,7.481096267700195,7.379560174407769,1.0,0.2167290581597222,128.31900024414062,34.92523956298828
pairs_1_98,pair50,15B.nii.gz,15B_lung_seg.nii.gz,768.0,768.0,0.13899999856948853,0.13899999856948853,0.0,255.0,179.5989532470703,55.906124114990234,196.0,0.0,70.15000000000146,147.0,226.0,238.0,243.0,79.0,243.0,0.010903252495659722,3.465466260910034,6.473686695098877,7.337536178308963,1.0,0.21399943033854166,160.25697326660156,41.906471252441406
pairs_1_98,pair51,5A.nii.gz,5A_lung_seg.nii.gz,768.0,768.0,0.13899999856948853,0.13899999856948853,0.0,255.0,140.06700134277344,46.74662780761719,141.0,28.0,63.0,107.0,176.0,210.0,220.0,69.0,192.0,0.0030381944444444445,2.791079521179199,5.9533610343933105,7.473672832536307,1.0,0.293060302734375,127.37454986572266,32.46266174316406
pairs_1_98,pair51,5B.nii.gz,5B_lung_seg.nii.gz,768.0,768.0,0.13899999856948853,0.13899999856948853,0.0,255.0,150.72669982910156,46.39588165283203,160.0,32.0,63.0,119.0,188.0,210.0,217.0,69.0,185.0,0.003594292534722222,2.721144676208496,5.913882732391357,7.38023636424785,1.0,0.3166690402560764,121.71646881103516,40.18929672241211
pairs_1_98,pair52,B1.nii.gz,B1_lung_seg.nii.gz,768.0,768.0,0.13899999856948853,0.13899999856948853,0.0,255.0,140.8240509033203,56.00325393676758,156.0,0.0,2.0,107.0,185.0,204.0,212.0,78.0,212.0,0.04832288953993055,3.4758007526397705,6.8134331703186035,7.27787814959348,1.0,0.3120083279079861,125.5785903930664,43.32661056518555
pairs_1_98,pair52,B2.nii.gz,B2_lung_seg.nii.gz,768.0,768.0,0.13899999856948853,0.13899999856948853,0.0,255.0,148.36990356445312,58.931182861328125,169.0,0.0,4.0,115.0,195.0,211.0,218.0,80.0,218.0,0.04512363009982639,3.110067129135132,6.847996711730957,7.288929204515551,1.0,0.13035413953993055,120.28793334960938,38.81186294555664
pairs_1_98,pair53,A6.nii.gz,A6_lung_seg.nii.gz,768.0,768.0,0.13899999856948853,0.13899999856948853,0.0,255.0,133.7523193359375,65.29414367675781,149.0,0.0,0.0,98.0,185.0,213.0,222.0,87.0,222.0,0.10251532660590278,2.7103307247161865,4.01315975189209,7.1998958517281455,1.0,0.3360951741536458,135.23301696777344,37.275733947753906
pairs_1_98,pair53,A7.nii.gz,A7_lung_seg.nii.gz,768.0,768.0,0.13899999856948853,0.13899999856948853,0.0,255.0,133.8179473876953,61.14269256591797,150.0,0.0,0.0,98.0,182.0,205.0,215.0,84.0,215.0,0.07974751790364583,2.4174108505249023,4.007277011871338,7.2622008542573315,1.0,0.35992431640625,142.2361297607422,41.07014465332031
pairs_1_98,pair54,D3.nii.gz,D3_lung_seg.nii.gz,768.0,768.0,0.13899999856948853,0.13899999856948853,0.0,255.0,114.45613861083984,60.84465026855469,114.0,0.0,4.0,76.0,167.0,202.0,209.0,91.0,209.0,0.03731960720486111,3.3773674964904785,6.74336576461792,7.525619055431635,1.0,0.24519178602430555,118.81547546386719,39.16536331176758
pairs_1_98,pair54,D4.nii.gz,D4_lung_seg.nii.gz,768.0,768.0,0.13899999856948853,0.13899999856948853,0.0,255.0,125.67640686035156,52.6318473815918,127.0,0.0,17.0,88.0,175.0,195.0,201.0,87.0,201.0,0.0142364501953125,3.332838535308838,6.297043800354004,7.390353795212124,1.0,0.2556559244791667,110.03268432617188,35.02033615112305
pairs_1_98,pair55,BB1.nii.gz,BB1_lung_seg.nii.gz,768.0,768.0,0.13899999856948853,0.13899999856948853,0.0,255.0,134.92413330078125,56.0299072265625,154.0,0.0,0.0,113.0,176.0,188.0,200.0,63.0,200.0,0.0739932590060764,3.2207064628601074,6.023116588592529,6.926915175748448,1.0,0.3268076578776042,142.12539672851562,31.519495010375977
pairs_1_98,pair55,BB2.nii.gz,BB2_lung_seg.nii.gz,768.0,768.0,0.13899999856948853,0.13899999856948853,6.0,255.0,144.2796630859375,61.75029373168945,166.0,12.0,21.0,121.0,192.0,204.0,214.0,71.0,202.0,0.0,3.2682008743286133,6.857095718383789,7.193897461311419,1.0,0.3512963189019097,170.26495361328125,24.442821502685547
pairs_1_98,pair56,F4.nii.gz,F4_lung_seg.nii.gz,768.0,768.0,0.13899999856948853,0.13899999856948853,0.0,255.0,146.28697204589844,60.36787033081055,168.0,0.0,12.0,117.0,193.0,208.0,215.0,76.0,215.0,0.010835435655381944,2.641221761703491,7.385828495025635,7.3495714277220845,1.0,0.2144385443793403,163.1727294921875,27.29814910888672
pairs_1_98,pair56,F5.nii.gz,F5_lung_seg.nii.gz,768.0,768.0,0.13899999856948853,0.13899999856948853,0.0,255.0,144.9554443359375,54.730045318603516,158.0,0.0,37.0,110.0,189.0,213.0,221.0,79.0,221.0,0.03212314181857639,2.9382846355438232,6.136311054229736,7.423165656584663,1.0,0.3189578586154514,135.840576171875,42.71791458129883
pairs_1_98,pair57,C_J1.nii.gz,C_J1_lung_seg.nii.gz,768.0,768.0,0.13899999856948853,0.13899999856948853,0.0,255.0,133.66485595703125,45.65265655517578,140.0,31.0,51.0,99.0,175.0,191.0,202.0,76.0,171.0,0.0009697808159722222,1.8448386192321777,2.3566739559173584,7.333075652008606,1.0,0.4086337619357639,108.21671295166016,38.62533950805664
pairs_1_98,pair57,C_J2.nii.gz,C_J2_lung_seg.nii.gz,768.0,768.0,0.13899999856948853,0.13899999856948853,0.0,255.0,130.1647186279297,57.74290084838867,131.0,0.0,28.0,87.0,181.0,210.0,223.0,94.0,223.0,0.022901746961805556,2.1982057094573975,2.7779905796051025,7.644544111038508,1.0,0.3163876003689236,120.93148803710938,41.892234802246094
pairs_1_98,pair58,C_S1.nii.gz,C_S1_lung_seg.nii.gz,768.0,768.0,0.13899999856948853,0.13899999856948853,0.0,255.0,123.11190032958984,66.51329040527344,134.0,0.0,0.0,85.0,174.0,212.0,225.0,89.0,225.0,0.10604010687934028,2.2303147315979004,3.860527276992798,7.325093358149733,1.0,0.23681810167100695,136.95751953125,29.88718032836914
pairs_1_98,pair58,C_S2.nii.gz,C_S2_lung_seg.nii.gz,768.0,768.0,0.13899999856948853,0.13899999856948853,0.0,255.0,130.8799591064453,61.815731048583984,144.0,0.0,0.0,91.0,178.0,211.0,225.0,87.0,225.0,0.07123311360677083,2.035710573196411,3.717532157897949,7.418863968850335,1.0,0.2713114420572917,144.18495178222656,35.37268829345703
pairs_1_98,pair59,28A.nii.gz,28A_lung_seg.nii.gz,768.0,768.0,0.13899999856948853,0.13899999856948853,0.0,255.0,140.09303283691406,55.200714111328125,153.0,0.0,18.0,109.0,181.0,211.0,217.0,72.0,217.0,0.03709072536892361,2.9910495281219482,7.477046966552734,7.4225124125716295,1.0,0.2898017035590278,131.79747009277344,40.647125244140625
pairs_1_98,pair59,28B.nii.gz,28B_lung_seg.nii.gz,768.0,768.0,0.13899999856948853,0.13899999856948853,0.0,255.0,147.36289978027344,54.60367202758789,158.0,0.0,37.0,116.0,193.0,212.0,218.0,77.0,218.0,0.027887980143229168,3.087207555770874,6.570202350616455,7.402244298525186,1.0,0.3068779839409722,124.89736938476562,44.08778762817383
pairs_1_98,pair60,20A.nii.gz,20A_lung_seg.nii.gz,768.0,768.0,0.13899999856948853,0.13899999856948853,0.0,255.0,101.89923858642578,87.8987808227539,103.0,0.0,0.0,0.0,185.0,254.0,255.0,185.0,255.0,0.3235710991753472,4.097985744476318,13.366039276123047,5.8543123402786,1.0,0.16402689615885416,119.33168029785156,40.363807678222656
pairs_1_98,pair60,20B.nii.gz,20B_lung_seg.nii.gz,768.0,768.0,0.13899999856948853,0.13899999856948853,0.0,255.0,102.18236541748047,87.19393157958984,102.0,0.0,0.0,0.0,179.0,254.0,255.0,179.0,255.0,0.3074730767144097,4.2076897621154785,13.451526641845703,5.984102161005083,1.0,0.1759863959418403,123.31758880615234,40.213558197021484
pairs_1_98,pair61,9A.nii.gz,9A_lung_seg.nii.gz,768.0,768.0,0.13899999856948853,0.13899999856948853,0.0,255.0,138.87071228027344,61.46882629394531,151.0,0.0,0.0,107.0,188.0,212.0,224.0,81.0,224.0,0.07349310980902778,3.2352731227874756,7.064060688018799,7.312908226182436,1.0,0.3156263563368056,146.86854553222656,31.82133674621582
pairs_1_98,pair61,9B.nii.gz,9B_lung_seg.nii.gz,768.0,768.0,0.13899999856948853,0.13899999856948853,0.0,255.0,133.3832244873047,50.551109313964844,138.0,0.0,32.0,100.0,176.0,200.0,211.0,76.0,211.0,0.030714246961805556,3.0756404399871826,6.072301387786865,7.368428412321026,1.0,0.3846350775824653,120.90451049804688,34.13003158569336
pairs_1_98,pair62,8A.nii.gz,8A_lung_seg.nii.gz,768.0,768.0,0.13899999856948853,0.13899999856948853,0.0,255.0,141.33505249023438,54.39258575439453,148.0,0.0,28.0,113.0,183.0,211.0,225.0,70.0,225.0,0.030390421549479168,2.6653037071228027,5.928948402404785,7.5012916203489315,1.0,0.3416646321614583,122.8971939086914,42.877479553222656
pairs_1_98,pair62,8B.nii.gz,8B_lung_seg.nii.gz,768.0,768.0,0.13899999856948853,0.13899999856948853,0.0,255.0,133.5807647705078,53.64856719970703,141.0,0.0,37.0,95.0,181.0,203.0,210.0,86.0,210.0,0.030053032769097224,2.377699851989746,5.922469139099121,7.435348401244158,1.0,0.2911105685763889,112.49197387695312,37.04912567138672
pairs_1_98,pair63,30A.nii.gz,30A_lung_seg.nii.gz,768.0,768.0,0.13899999856948853,0.13899999856948853,0.0,255.0,133.7917022705078,56.7338752746582,143.0,0.0,0.0,101.0,175.0,214.0,227.0,74.0,227.0,0.05555894639756945,3.9071409702301025,7.643695831298828,7.437072243413874,1.0,0.4165056016710069,128.5031280517578,39.68490219116211
pairs_1_98,pair63,30B.nii.gz,30B_lung_seg.nii.gz,768.0,768.0,0.13899999856948853,0.13899999856948853,0.0,255.0,142.08445739746094,55.56308364868164,153.0,0.0,0.0,115.0,187.0,206.0,211.0,72.0,211.0,0.05940585666232639,3.84615421295166,7.3147735595703125,7.1493196991600065,1.0,0.3572625054253472,136.60897827148438,34.09785461425781
pairs_1_98,pair64,C1.nii.gz,C1_lung_seg.nii.gz,768.0,768.0,0.13899999856948853,0.13899999856948853,0.0,255.0,114.63787078857422,69.08413696289062,122.0,0.0,0.0,64.0,170.0,215.0,229.0,106.0,229.0,0.12597486707899305,5.082320690155029,14.282696723937988,7.328575628605867,1.0,0.2675001356336806,108.25627136230469,39.08453369140625
pairs_1_98,pair64,C2.nii.gz,C2_lung_seg.nii.gz,768.0,768.0,0.13899999856948853,0.13899999856948853,0.0,255.0,140.47579956054688,49.56953430175781,146.0,29.0,51.0,105.0,183.0,210.0,221.0,78.0,192.0,0.00023905436197916666,2.6425483226776123,6.035726547241211,7.5462371023621575,1.0,0.3363783094618056,126.92276000976562,32.41511535644531
pairs_1_98,pair65,I3.nii.gz,I3_lung_seg.nii.gz,768.0,768.0,0.13899999856948853,0.13899999856948853,0.0,255.0,135.17808532714844,56.47519302368164,143.0,0.0,0.0,101.0,179.0,211.0,219.0,78.0,219.0,0.05206637912326389,2.985218048095703,5.4306535720825195,7.419107107611114,1.0,0.3031548394097222,114.63938903808594,40.48412322998047
pairs_1_98,pair65,I4.nii.gz,I4_lung_seg.nii.gz,768.0,768.0,0.13899999856948853,0.13899999856948853,0.0,255.0,138.96559143066406,50.372474670410156,139.0,0.0,55.0,105.0,182.0,210.0,218.0,77.0,218.0,0.014300876193576388,2.9349098205566406,5.712520122528076,7.476208013142494,1.0,0.3615298800998264,115.81777954101562,38.890865325927734
pairs_1_98,pair66,18A.nii.gz,18A_lung_seg.nii.gz,768.0,768.0,0.13899999856948853,0.13899999856948853,0.0,255.0,125.49156188964844,57.914371490478516,126.0,0.0,8.0,88.0,171.0,213.0,227.0,83.0,227.0,0.042307535807291664,2.682464361190796,7.266278266906738,7.608911519417507,1.0,0.2682461208767361,121.77961730957031,35.042564392089844
pairs_1_98,pair66,18B.nii.gz,18B_lung_seg.nii.gz,768.0,768.0,0.13899999856948853,0.13899999856948853,5.0,255.0,133.79115295410156,31.75946807861328,147.0,37.0,66.0,120.0,156.0,163.0,166.0,36.0,129.0,0.0,2.3878583908081055,6.1666741371154785,6.406174110436135,1.0,0.2916598849826389,127.1299057006836,26.799991607666016
pairs_1_98,pair67,21A.nii.gz,21A_lung_seg.nii.gz,768.0,768.0,0.13899999856948853,0.13899999856948853,0.0,255.0,88.81018829345703,85.16380310058594,89.0,0.0,0.0,0.0,164.0,254.0,255.0,164.0,255.0,0.3781534830729167,3.817103385925293,13.787726402282715,5.448167222125386,1.0,0.10639784071180555,109.15933227539062,32.69268035888672
pairs_1_98,pair67,21B.nii.gz,21B_lung_seg.nii.gz,768.0,768.0,0.13899999856948853,0.13899999856948853,0.0,255.0,88.38739776611328,86.42649841308594,80.0,0.0,0.0,0.0,167.0,254.0,255.0,167.0,255.0,0.3836585150824653,3.7173848152160645,13.342486381530762,5.4358496476004206,1.0,0.120941162109375,113.06598663330078,37.9769287109375
pairs_1_98,pair68,H2.nii.gz,H2_lung_seg.nii.gz,768.0,768.0,0.13899999856948853,0.13899999856948853,0.0,255.0,134.76524353027344,52.342071533203125,144.0,14.0,39.0,96.0,177.0,206.0,213.0,81.0,199.0,0.0005967881944444445,2.6461122035980225,6.1950459480285645,7.566711037883421,1.0,0.3045332166883681,100.90711212158203,40.80386734008789
pairs_1_98,pair68,H3.nii.gz,H3_lung_seg.nii.gz,768.0,768.0,0.13899999856948853,0.13899999856948853,0.0,255.0,128.7332305908203,53.3442497253418,132.0,0.0,29.0,91.0,176.0,200.0,205.0,85.0,205.0,0.021986219618055556,2.4361581802368164,5.4455060958862305,7.4608179301130475,1.0,0.3545650906032986,113.5130615234375,32.6368293762207
pairs_1_98,pair69,AA1.nii.gz,AA1_lung_seg.nii.gz,768.0,768.0,0.13899999856948853,0.13899999856948853,0.0,255.0,103.05854034423828,64.86109161376953,101.0,0.0,1.0,55.0,154.0,202.0,229.0,99.0,229.0,0.04618496365017361,3.7717387676239014,8.313653945922852,7.565401825793652,1.0,0.20565965440538195,103.80562591552734,28.728002548217773
pairs_1_98,pair69,AA2.nii.gz,AA2_lung_seg.nii.gz,768.0,768.0,0.13899999856948853,0.13899999856948853,0.0,255.0,114.0660400390625,58.08644485473633,117.0,0.0,0.0,79.0,165.0,194.0,200.0,86.0,200.0,0.057795206705729164,3.492676019668579,7.477652072906494,7.337276924961467,1.0,0.2803988986545139,109.91343688964844,33.57773971557617
pairs_1_98,pair70,C_F1.nii.gz,C_F1_lung_seg.nii.gz,768.0,768.0,0.13899999856948853,0.13899999856948853,0.0,255.0,121.03409576416016,52.54898452758789,132.0,0.0,0.0,91.0,163.0,184.0,195.0,72.0,195.0,0.05559963650173611,3.5147905349731445,4.680236339569092,7.253694968873162,1.0,0.421478271484375,126.0875244140625,37.619529724121094
pairs_1_98,pair70,C_F2.nii.gz,C_F2_lung_seg.nii.gz,768.0,768.0,0.13899999856948853,0.13899999856948853,0.0,255.0,126.71669006347656,58.693973541259766,143.0,0.0,0.0,102.0,170.0,196.0,204.0,68.0,204.0,0.09585401746961805,3.1073267459869385,5.262180328369141,7.066530073184041,1.0,0.3643341064453125,142.80735778808594,32.27483367919922
pairs_1_98,pair71,19A.nii.gz,19A_lung_seg.nii.gz,768.0,768.0,0.13899999856948853,0.13899999856948853,0.0,255.0,80.47372436523438,85.82177734375,61.0,0.0,0.0,0.0,151.0,254.0,255.0,151.0,255.0,0.4087660047743056,3.7409820556640625,13.430813789367676,5.352195137578276,1.0,0.11283196343315972,112.90719604492188,39.17839813232422
pairs_1_98,pair71,19B.nii.gz,19B_lung_seg.nii.gz,768.0,768.0,0.13899999856948853,0.13899999856948853,0.0,255.0,94.67636108398438,86.18558502197266,96.0,0.0,0.0,0.0,165.0,254.0,255.0,165.0,255.0,0.3464491102430556,3.593313455581665,12.982319831848145,5.747586829812782,1.0,0.1515265570746528,120.66842651367188,36.324249267578125
pairs_1_98,pair72,10A.nii.gz,10A_lung_seg.nii.gz,768.0,768.0,0.13899999856948853,0.13899999856948853,0.0,255.0,133.91070556640625,55.91767501831055,137.0,0.0,24.0,100.0,178.0,211.0,221.0,78.0,221.0,0.025819566514756944,3.004617691040039,5.996535778045654,7.586446708157816,1.0,0.3570912679036458,124.5715103149414,44.891448974609375
pairs_1_98,pair72,10B.nii.gz,10B_lung_seg.nii.gz,768.0,768.0,0.13899999856948853,0.13899999856948853,0.0,255.0,125.92369079589844,59.576087951660156,138.0,0.0,0.0,93.0,168.0,208.0,222.0,75.0,222.0,0.07479349772135417,3.7007293701171875,8.094513893127441,7.395940146030915,1.0,0.3154008653428819,137.68971252441406,42.413333892822266
pairs_1_98,pair73,3A.nii.gz,3A_lung_seg.nii.gz,768.0,768.0,0.13899999856948853,0.13899999856948853,0.0,255.0,124.38640594482422,55.201900482177734,132.0,0.0,15.0,88.0,172.0,195.0,211.0,84.0,211.0,0.0302276611328125,3.3931050300598145,6.543180465698242,7.535737518474577,1.0,0.24480692545572916,122.13990783691406,31.919944763183594
pairs_1_98,pair73,3B.nii.gz,3B_lung_seg.nii.gz,768.0,768.0,0.13899999856948853,0.13899999856948853,0.0,255.0,122.9632568359375,56.31748962402344,130.0,0.0,5.0,86.0,168.0,199.0,216.0,82.0,216.0,0.04343838161892361,3.6013472080230713,6.628035068511963,7.533495432235838,1.0,0.3192240397135417,118.10002899169922,39.06492614746094
pairs_1_98,pair74,C_I1.nii.gz,C_I1_lung_seg.nii.gz,768.0,768.0,0.13899999856948853,0.13899999856948853,0.0,255.0,132.70489501953125,53.6057243347168,141.0,0.0,33.0,95.0,176.0,206.0,213.0,81.0,213.0,0.023725721571180556,2.405169725418091,2.722301959991455,7.525156979596159,1.0,0.2636837429470486,118.21759796142578,38.68083572387695
pairs_1_98,pair74,C_I2.nii.gz,C_I2_lung_seg.nii.gz,768.0,768.0,0.13899999856948853,0.13899999856948853,0.0,255.0,162.69833374023438,67.17854309082031,189.0,0.0,0.0,135.0,215.0,223.0,230.0,80.0,230.0,0.06065538194444445,2.194859743118286,3.4281513690948486,7.054635474212395,1.0,0.1680111355251736,184.94679260253906,23.52922248840332
pairs_1_98,pair75,C_C1.nii.gz,C_C1_lung_seg.nii.gz,768.0,768.0,0.13899999856948853,0.13899999856948853,0.0,255.0,133.85205078125,56.36940383911133,145.0,0.0,1.0,104.0,172.0,214.0,227.0,68.0,227.0,0.048884073893229164,2.597158908843994,3.6480712890625,7.472500931256843,1.0,0.3150363498263889,125.26441192626953,43.51474380493164
pairs_1_98,pair75,C_C2.nii.gz,C_C2_lung_seg.nii.gz,768.0,768.0,0.13899999856948853,0.13899999856948853,0.0,255.0,140.3283233642578,46.91272735595703,143.0,0.0,61.0,110.0,174.0,211.0,221.0,64.0,221.0,0.0113677978515625,2.362715721130371,3.113206386566162,7.436844190448506,1.0,0.3468068440755208,119.56123352050781,33.41495132446289
pairs_1_98,pair76,16A.nii.gz,16A_lung_seg.nii.gz,768.0,768.0,0.13899999856948853,0.13899999856948853,0.0,255.0,120.38795471191406,55.36895751953125,123.0,0.0,16.0,83.0,166.0,200.0,208.0,83.0,208.0,0.035425821940104164,2.829603433609009,6.868818759918213,7.538323915647943,1.0,0.3022935655381944,119.01045227050781,32.38568115234375
pairs_1_98,pair76,16B.nii.gz,16B_lung_seg.nii.gz,768.0,768.0,0.13899999856948853,0.13899999856948853,0.0,255.0,160.70765686035156,57.89310836791992,169.0,0.0,48.0,123.0,210.0,235.0,244.0,87.0,244.0,0.013871934678819444,3.406228542327881,6.90255880355835,7.631904779973233,1.0,0.3518049452039931,154.80050659179688,36.32795715332031
pairs_1_98,pair77,26B.nii.gz,26B_lung_seg.nii.gz,768.0,768.0,0.13899999856948853,0.13899999856948853,0.0,255.0,137.56251525878906,58.08103942871094,147.0,0.0,0.0,107.0,181.0,211.0,224.0,74.0,224.0,0.051381429036458336,3.2398464679718018,6.331515312194824,7.452251987150325,1.0,0.3342641194661458,123.4721908569336,42.278350830078125
pairs_1_98,pair77,26C.nii.gz,26C_lung_seg.nii.gz,768.0,768.0,0.13899999856948853,0.13899999856948853,0.0,255.0,136.4058380126953,58.07060623168945,149.0,0.0,0.0,106.0,177.0,212.0,221.0,71.0,221.0,0.05798000759548611,3.045548439025879,7.184995174407959,7.394110738351088,1.0,0.2696634928385417,143.2404327392578,37.93538284301758
pairs_1_98,pair78,27A.nii.gz,27A_lung_seg.nii.gz,768.0,768.0,0.13899999856948853,0.13899999856948853,0.0,255.0,128.7706756591797,61.19839859008789,140.0,0.0,0.0,92.0,175.0,213.0,223.0,83.0,223.0,0.059285481770833336,3.5765974521636963,7.5243096351623535,7.5141760531900115,1.0,0.2805345323350694,125.42558288574219,41.774757385253906
pairs_1_98,pair78,27B.nii.gz,27B_lung_seg.nii.gz,768.0,768.0,0.13899999856948853,0.13899999856948853,0.0,255.0,133.26287841796875,56.74570846557617,141.0,0.0,22.0,93.0,180.0,212.0,220.0,87.0,220.0,0.029183281792534724,3.1575710773468018,6.510239601135254,7.581845188290704,1.0,0.4008212619357639,127.60066986083984,42.1500129699707
pairs_1_98,pair79,29A.nii.gz,29A_lung_seg.nii.gz,768.0,768.0,0.13899999856948853,0.13899999856948853,0.0,255.0,136.8892059326172,51.80952072143555,144.0,4.0,49.0,97.0,183.0,204.0,208.0,86.0,204.0,0.007563273111979167,2.792719602584839,6.123656272888184,7.458428543598899,1.0,0.3205074734157986,115.2967529296875,37.53527069091797
pairs_1_98,pair79,29B.nii.gz,29B_lung_seg.nii.gz,768.0,768.0,0.13899999856948853,0.13899999856948853,6.0,255.0,149.60972595214844,43.33679962158203,155.0,35.0,60.0,125.0,187.0,202.0,208.0,62.0,173.0,0.0,2.6824185848236084,5.803289413452148,7.219167574877517,1.0,0.28839111328125,110.0792007446289,43.675479888916016
pairs_1_98,pair80,33A.nii.gz,33A_lung_seg.nii.gz,768.0,768.0,0.13899999856948853,0.13899999856948853,0.0,255.0,124.70174407958984,52.16066360473633,131.0,0.0,0.0,97.0,163.0,196.0,200.0,66.0,200.0,0.05786471896701389,3.077713966369629,7.117650985717773,7.237675565785686,1.0,0.2904747856987847,114.19540405273438,34.024356842041016
pairs_1_98,pair80,33B.nii.gz,33B_lung_seg.nii.gz,768.0,768.0,0.13899999856948853,0.13899999856948853,9.0,255.0,119.25188446044922,37.52607727050781,118.0,40.0,56.0,94.0,151.0,177.0,185.0,57.0,145.0,0.0,2.0074477195739746,5.623719692230225,7.1289229356540815,1.0,0.2804429796006944,117.27296447753906,19.65241050720215
pairs_1_98,pair81,36A.nii.gz,36A_lung_seg.nii.gz,768.0,768.0,0.13899999856948853,0.13899999856948853,0.0,255.0,132.76290893554688,62.09992218017578,148.0,0.0,0.0,96.0,179.0,216.0,225.0,83.0,225.0,0.078948974609375,3.2893893718719482,6.873137950897217,7.358196706716415,1.0,0.3027377658420139,127.31353759765625,48.03923034667969
pairs_1_98,pair81,36B.nii.gz,36B_lung_seg.nii.gz,768.0,768.0,0.13899999856948853,0.13899999856948853,0.0,255.0,144.82997131347656,46.27473449707031,147.0,9.0,62.0,118.0,181.0,211.0,218.0,63.0,209.0,0.007617526584201389,3.096205234527588,6.101355075836182,7.402462912886706,1.0,0.3285200330946181,119.39331817626953,39.001861572265625
pairs_1_98,pair82,7A.nii.gz,7A_lung_seg.nii.gz,768.0,768.0,0.13899999856948853,0.13899999856948853,0.0,255.0,132.68910217285156,51.626930236816406,132.0,0.0,44.0,99.0,175.0,211.0,217.0,76.0,217.0,0.013285319010416666,2.704977512359619,5.920770645141602,7.5184075231074665,1.0,0.3487803141276042,119.6180191040039,41.11068344116211
pairs_1_98,pair82,7B.nii.gz,7B_lung_seg.nii.gz,768.0,768.0,0.13899999856948853,0.13899999856948853,0.0,255.0,133.15457153320312,56.209266662597656,143.0,0.0,2.0,100.0,172.0,212.0,223.0,72.0,223.0,0.04754977756076389,2.901329278945923,6.34083890914917,7.464154644833554,1.0,0.38531494140625,126.78431701660156,42.21142578125
pairs_1_98,pair83,A5.nii.gz,A5_lung_seg.nii.gz,768.0,768.0,0.13899999856948853,0.13899999856948853,0.0,255.0,151.20204162597656,48.4475212097168,160.0,0.0,52.0,129.0,188.0,210.0,216.0,59.0,216.0,0.017957899305555556,2.396256446838379,3.550159215927124,7.292276460152767,1.0,0.4011281331380208,143.07545471191406,44.23950958251953
pairs_1_98,pair83,A6.nii.gz,A6_lung_seg.nii.gz,768.0,768.0,0.13899999856948853,0.13899999856948853,0.0,255.0,133.7523193359375,65.29414367675781,149.0,0.0,0.0,98.0,185.0,213.0,222.0,87.0,222.0,0.10251532660590278,2.7103307247161865,4.01315975189209,7.1998958517281455,1.0,0.3360951741536458,135.23301696777344,37.275733947753906
pairs_1_98,pair84,AA2.nii.gz,AA2_lung_seg.nii.gz,768.0,768.0,0.13899999856948853,0.13899999856948853,0.0,255.0,114.0660400390625,58.08644485473633,117.0,0.0,0.0,79.0,165.0,194.0,200.0,86.0,200.0,0.057795206705729164,3.492676019668579,7.477652072906494,7.337276924961467,1.0,0.2803988986545139,109.91343688964844,33.57773971557617
pairs_1_98,pair84,AA3.nii.gz,AA3_lung_seg.nii.gz,768.0,768.0,0.13899999856948853,0.13899999856948853,0.0,255.0,105.8606948852539,63.786216735839844,106.0,0.0,4.0,58.0,164.0,197.0,212.0,106.0,212.0,0.034454345703125,3.536715269088745,7.304588317871094,7.556682807966848,1.0,0.1596459282769097,112.3421630859375,30.91866683959961
pairs_1_98,pair85,C3.nii.gz,C3_lung_seg.nii.gz,768.0,768.0,0.13899999856948853,0.13899999856948853,0.0,255.0,136.56369018554688,55.24055099487305,140.0,0.0,38.0,95.0,186.0,212.0,222.0,91.0,222.0,0.012976752387152778,2.5856528282165527,6.657774925231934,7.61146367400832,1.0,0.24937269422743055,110.56149291992188,32.27812576293945
pairs_1_98,pair85,C4.nii.gz,C4_lung_seg.nii.gz,768.0,768.0,0.13899999856948853,0.13899999856948853,9.0,255.0,142.96636962890625,53.656585693359375,136.0,36.0,63.0,100.0,194.0,225.0,232.0,94.0,196.0,0.0,2.2003965377807617,6.651102542877197,7.579906429271533,1.0,0.3209550645616319,122.53387451171875,35.476722717285156
pairs_1_98,pair86,C_A1.nii.gz,C_A1_lung_seg.nii.gz,768.0,768.0,0.13899999856948853,0.13899999856948853,0.0,255.0,132.77357482910156,59.91171646118164,148.0,0.0,0.0,94.0,181.0,206.0,212.0,87.0,212.0,0.06224229600694445,3.029968500137329,4.754458904266357,7.358621209710669,1.0,0.2937249077690972,123.9891128540039,38.50804901123047
pairs_1_98,pair86,C_A2.nii.gz,C_A2_lung_seg.nii.gz,768.0,768.0,0.13899999856948853,0.13899999856948853,0.0,255.0,137.8865509033203,61.30561447143555,157.0,0.0,0.0,112.0,183.0,203.0,208.0,71.0,208.0,0.0923495822482639,2.6147541999816895,4.099236011505127,7.00599459950093,1.0,0.2493353949652778,142.33909606933594,32.25806427001953
pairs_1_98,pair87,C_H1.nii.gz,C_H1_lung_seg.nii.gz,768.0,768.0,0.13899999856948853,0.13899999856948853,19.0,255.0,137.486572265625,49.244171142578125,135.0,34.0,62.0,97.0,183.0,211.0,221.0,86.0,187.0,0.0,1.7042325735092163,2.4344825744628906,7.498462436355689,1.0,0.3088751898871528,117.46137237548828,36.124916076660156
pairs_1_98,pair87,C_H2.nii.gz,C_H2_lung_seg.nii.gz,768.0,768.0,0.13899999856948853,0.13899999856948853,0.0,225.0,113.05107879638672,55.86473083496094,110.0,0.0,0.0,79.0,163.0,195.0,207.0,84.0,207.0,0.05827501085069445,1.7429991960525513,2.3912878036499023,7.40521084866794,1.0,0.2091132269965278,107.44366455078125,33.28730773925781
pairs_1_98,pair88,C_P1.nii.gz,C_P1_lung_seg.nii.gz,768.0,768.0,0.13899999856948853,0.13899999856948853,0.0,255.0,128.3834686279297,59.5605354309082,137.0,0.0,0.0,98.0,171.0,211.0,218.0,73.0,218.0,0.06716240776909722,2.290517568588257,3.744906425476074,7.373960307188755,1.0,0.1844363742404514,142.21957397460938,28.691572189331055
pairs_1_98,pair88,C_P2.nii.gz,C_P2_lung_seg.nii.gz,768.0,768.0,0.13899999856948853,0.13899999856948853,0.0,255.0,125.61825561523438,52.34011459350586,134.0,0.0,20.0,91.0,168.0,196.0,202.0,77.0,202.0,0.027860853407118056,2.2706124782562256,3.75425124168396,7.457595176563743,1.0,0.20217725965711805,113.56175994873047,35.71627426147461
pairs_1_98,pair89,D4.nii.gz,D4_lung_seg.nii.gz,768.0,768.0,0.13899999856948853,0.13899999856948853,0.0,255.0,125.67640686035156,52.6318473815918,127.0,0.0,17.0,88.0,175.0,195.0,201.0,87.0,201.0,0.0142364501953125,3.332838535308838,6.297043800354004,7.390353795212124,1.0,0.2556559244791667,110.03268432617188,35.02033615112305
pairs_1_98,pair89,D5.nii.gz,D5_lung_seg.nii.gz,768.0,768.0,0.13899999856948853,0.13899999856948853,0.0,255.0,125.53314971923828,66.08168029785156,138.0,0.0,0.0,86.0,178.0,211.0,219.0,92.0,219.0,0.1174282497829861,3.0183231830596924,6.947540283203125,7.177132514919944,1.0,0.2573835584852431,139.9464111328125,42.07115936279297
pairs_1_98,pair90,E1.nii.gz,E1_lung_seg.nii.gz,768.0,768.0,0.13899999856948853,0.13899999856948853,0.0,255.0,129.14059448242188,64.43328094482422,138.0,0.0,0.0,96.0,182.0,211.0,217.0,86.0,217.0,0.0858306884765625,3.6482136249542236,7.525096416473389,7.265535893288349,1.0,0.3169674343532986,135.47531127929688,37.31088638305664
pairs_1_98,pair90,E2.nii.gz,E2_lung_seg.nii.gz,768.0,768.0,0.13899999856948853,0.13899999856948853,0.0,255.0,139.2127227783203,62.88563537597656,154.0,0.0,1.0,108.0,190.0,212.0,220.0,82.0,220.0,0.048665364583333336,3.691347360610962,7.407145977020264,7.42355827334954,1.0,0.3119710286458333,150.17245483398438,32.49482727050781
pairs_1_98,Pair91,DD1.nii.gz,DD1_lung_seg.nii.gz,768.0,768.0,0.13899999856948853,0.13899999856948853,0.0,255.0,127.21758270263672,54.05598831176758,126.0,0.0,19.0,91.0,171.0,206.0,213.0,80.0,213.0,0.021869235568576388,3.0372440814971924,5.597232341766357,7.493229751580566,1.0,0.2939436170789931,112.98295593261719,31.925254821777344
pairs_1_98,Pair91,DD2.nii.gz,DD2_lung_seg.nii.gz,768.0,768.0,0.13899999856948853,0.13899999856948853,0.0,255.0,115.98198699951172,56.9107780456543,118.0,0.0,1.0,80.0,158.0,202.0,208.0,78.0,208.0,0.04974534776475695,3.3153843879699707,7.886382102966309,7.4895410816532895,1.0,0.3001149495442708,114.77120971679688,39.28877258300781
pairs_1_98,Pair92,F1.nii.gz,F1_lung_seg.nii.gz,768.0,768.0,0.13899999856948853,0.13899999856948853,0.0,255.0,130.8304443359375,64.97564697265625,150.0,0.0,0.0,84.0,187.0,203.0,217.0,103.0,217.0,0.06007554796006945,4.40767765045166,9.386324882507324,7.340473342305963,1.0,0.21095445421006945,129.60110473632812,46.14004135131836
pairs_1_98,Pair92,F2.nii.gz,F2_lung_seg.nii.gz,768.0,768.0,0.13899999856948853,0.13899999856948853,0.0,255.0,137.35205078125,58.708133697509766,153.0,0.0,16.0,96.0,189.0,202.0,222.0,93.0,222.0,0.019873725043402776,4.247169494628906,8.49802303314209,7.477503515044117,1.0,0.25390625,130.99159240722656,43.53323745727539
pairs_1_98,Pair93,F2.nii.gz,F2_lung_seg.nii.gz,768.0,768.0,0.13899999856948853,0.13899999856948853,0.0,255.0,137.35205078125,58.708133697509766,153.0,0.0,16.0,96.0,189.0,202.0,222.0,93.0,222.0,0.019873725043402776,4.247169494628906,8.49802303314209,7.477503515044117,1.0,0.25390625,130.99159240722656,43.53323745727539
pairs_1_98,Pair93,F3.nii.gz,F3_lung_seg.nii.gz,768.0,768.0,0.13899999856948853,0.13899999856948853,0.0,255.0,161.83868408203125,45.15789794921875,176.0,0.0,74.0,141.0,193.0,210.0,219.0,52.0,219.0,0.012044270833333334,3.000305652618408,8.173236846923828,7.1247811140344135,1.0,0.2156338161892361,158.39768981933594,33.426963806152344
pairs_1_98,Pair94,J4.nii.gz,J4_lung_seg.nii.gz,768.0,768.0,0.13899999856948853,0.13899999856948853,0.0,255.0,137.0089874267578,56.727752685546875,147.0,0.0,11.0,103.0,177.0,218.0,226.0,74.0,226.0,0.0400238037109375,3.057459592819214,6.979147434234619,7.520127603470025,1.0,0.2939690483940972,136.6907501220703,44.66335678100586
pairs_1_98,Pair94,J5.nii.gz,J5_lung_seg.nii.gz,768.0,768.0,0.13899999856948853,0.13899999856948853,0.0,255.0,145.9887237548828,44.39405822753906,151.0,42.0,65.0,116.0,181.0,210.0,216.0,65.0,174.0,0.0015309651692708333,2.6088409423828125,5.433175086975098,7.367965953887567,1.0,0.2979346381293403,119.94503021240234,40.61619186401367
pairs_1_98,Pair95,p1_2.nii.gz,p1_2_lung_seg.nii.gz,768.0,768.0,0.13899999856948853,0.13899999856948853,0.0,255.0,134.64114379882812,62.717613220214844,152.0,0.0,17.0,88.0,190.0,206.0,215.0,102.0,215.0,0.025999281141493056,2.837141990661621,3.4639782905578613,7.534342606436622,1.0,0.3281148274739583,154.49411010742188,34.09438705444336
pairs_1_98,Pair95,p1_3.nii.gz,p1_3_lung_seg.nii.gz,768.0,768.0,0.13899999856948853,0.13899999856948853,0.0,255.0,130.40914916992188,61.916175842285156,151.0,0.0,0.0,89.0,180.0,198.0,210.0,91.0,210.0,0.05009799533420139,2.571730375289917,2.912062883377075,7.362258174416567,1.0,0.2033504909939236,161.12466430664062,18.037405014038086
pairs_1_98,Pair96,p2_1.nii.gz,p2_1_lung_seg.nii.gz,768.0,768.0,0.13899999856948853,0.13899999856948853,0.0,255.0,136.11236572265625,62.477691650390625,149.0,0.0,0.0,105.0,185.0,210.0,216.0,80.0,216.0,0.09500969780815972,2.2037811279296875,3.1066250801086426,7.121541601754342,1.0,0.3485582139756944,133.79632568359375,35.98786544799805
pairs_1_98,Pair96,p2_2.nii.gz,p2_2_lung_seg.nii.gz,768.0,768.0,0.13899999856948853,0.13899999856948853,0.0,242.0,123.67727661132812,61.193546295166016,141.0,0.0,0.0,89.0,174.0,192.0,201.0,85.0,201.0,0.1154937744140625,2.250870943069458,4.2986836433410645,6.941759929411752,1.0,0.3484344482421875,132.7174835205078,36.35011672973633
pairs_1_98,Pair97,p2_3.nii.gz,p2_3_lung_seg.nii.gz,768.0,768.0,0.13899999856948853,0.13899999856948853,0.0,255.0,146.27149963378906,55.15536117553711,157.0,0.0,11.0,118.0,191.0,210.0,220.0,73.0,220.0,0.03934902615017361,2.7081875801086426,3.904977798461914,7.340932697995659,1.0,0.3582848442925347,154.01077270507812,31.727235794067383
pairs_1_98,Pair97,p2_4.nii.gz,p2_4_lung_seg.nii.gz,768.0,768.0,0.13899999856948853,0.13899999856948853,0.0,255.0,133.67083740234375,63.835609436035156,152.0,0.0,0.0,104.0,185.0,203.0,210.0,81.0,210.0,0.09888373480902778,2.6287429332733154,3.853686571121216,7.058438700622252,1.0,0.3977101643880208,143.22732543945312,34.703125
pairs_1_98,Pair98,p4_1.nii.gz,p4_1_lung_seg.nii.gz,768.0,768.0,0.13899999856948853,0.13899999856948853,0.0,255.0,103.61585998535156,61.61052322387695,107.0,0.0,0.0,59.0,151.0,200.0,215.0,92.0,215.0,0.05272081163194445,2.776423931121826,5.4370880126953125,7.537162859058794,1.0,0.3532647026909722,117.48482513427734,39.6673469543457
pairs_1_98,Pair98,p4_2.nii.gz,p4_2_lung_seg.nii.gz,768.0,768.0,0.13899999856948853,0.13899999856948853,0.0,255.0,106.07913970947266,62.905059814453125,107.0,0.0,5.0,60.0,162.0,199.0,207.0,102.0,207.0,0.029735989040798612,2.5567007064819336,3.8752567768096924,7.486856212296868,1.0,0.2990281846788194,126.34490203857422,39.67653274536133
pnimit,pair_A10_1_2,SynapseExport (27).nii.gz,SynapseExport (27)_lung_seg.nii.gz,1024.0,874.0,1.0,1.0,0.0,255.0,136.330322265625,62.31082534790039,148.0,0.0,0.0,100.0,191.0,210.0,216.0,91.0,216.0,0.05674230370423341,2.8565335273742676,8.288792610168457,7.355610313874279,1.0,0.23707116168478262,140.4824676513672,36.177330017089844
pnimit,pair_A10_1_2,SynapseExport (28).nii.gz,SynapseExport (28)_lung_seg.nii.gz,1024.0,902.0,1.0,1.0,0.0,255.0,136.4925994873047,51.472232818603516,149.0,0.0,23.0,107.0,179.0,195.0,203.0,72.0,203.0,0.03414179427660754,2.8838794231414795,7.827744007110596,7.251506034323279,1.0,0.3201652577605322,129.32064819335938,37.14183807373047
pnimit,pair_A10_2_3,SynapseExport (28).nii.gz,SynapseExport (28)_lung_seg.nii.gz,1024.0,902.0,1.0,1.0,0.0,255.0,136.4925994873047,51.472232818603516,149.0,0.0,23.0,107.0,179.0,195.0,203.0,72.0,203.0,0.03414179427660754,2.8838794231414795,7.827744007110596,7.251506034323279,1.0,0.3201652577605322,129.32064819335938,37.14183807373047
pnimit,pair_A10_2_3,SynapseExport (29).nii.gz,SynapseExport (29)_lung_seg.nii.gz,1024.0,951.0,1.0,1.0,0.0,255.0,124.33145904541016,52.65629959106445,138.0,0.0,14.0,90.0,168.0,190.0,197.0,78.0,197.0,0.02822378581756046,3.622997522354126,7.518874168395996,7.389368800790725,1.0,0.24288064373028392,123.26695251464844,36.9553108215332
pnimit,pair_A11_1_2,SynapseExport (30).nii.gz,SynapseExport (30)_lung_seg.nii.gz,1023.0,839.0,1.0,1.0,0.0,255.0,128.8599395751953,53.449974060058594,137.0,0.0,7.0,98.0,166.0,204.0,222.6666717529297,68.0,222.6666717529297,0.03554946597739477,3.6966331005096436,9.739546775817871,7.496751413594045,1.0,0.3610312048160485,124.70076751708984,35.99052429199219
pnimit,pair_A11_1_2,SynapseExport (31).nii.gz,SynapseExport (31)_lung_seg.nii.gz,1023.0,937.0,1.0,1.0,0.0,255.0,131.80859375,58.13919448852539,141.0,0.0,1.0,97.0,177.0,207.0,216.0,80.0,216.0,0.048185229580898666,2.5459084510803223,6.409157752990723,7.450709966765169,1.0,0.3192099324918549,127.8381576538086,39.65184783935547
pnimit,pair_A11_2_3,SynapseExport (31).nii.gz,SynapseExport (31)_lung_seg.nii.gz,1023.0,937.0,1.0,1.0,0.0,255.0,131.80859375,58.13919448852539,141.0,0.0,1.0,97.0,177.0,207.0,216.0,80.0,216.0,0.048185229580898666,2.5459084510803223,6.409157752990723,7.450709966765169,1.0,0.3192099324918549,127.8381576538086,39.65184783935547
pnimit,pair_A11_2_3,SynapseExport (32).nii.gz,SynapseExport (32)_lung_seg.nii.gz,1024.0,754.0,1.0,1.0,0.0,255.0,132.1397247314453,55.32069778442383,142.0,0.0,5.666666507720947,100.0,170.0,208.0,216.0,70.0,216.0,0.04084336662798409,3.2709572315216064,7.898926258087158,7.428162494034044,1.0,0.3136125559515915,136.7897186279297,35.95830535888672
pnimit,pair_A12_1_2,SynapseExport (33).nii.gz,SynapseExport (33)_lung_seg.nii.gz,1024.0,838.0,1.0,1.0,0.0,255.0,149.32778930664062,54.84623336791992,158.0,0.0,14.0,123.0,187.0,223.0,232.0,64.0,232.0,0.0337799727774463,3.5341849327087402,9.279271125793457,7.4206759819974355,1.0,0.4584401569958234,152.1646728515625,36.64546585083008
pnimit,pair_A12_1_2,SynapseExport (34).nii.gz,SynapseExport (34)_lung_seg.nii.gz,1024.0,838.0,1.0,1.0,0.0,255.0,131.59153747558594,58.01799011230469,141.0,0.0,0.6666666865348816,97.0,174.0,217.0,224.0,77.0,224.0,0.047243250298329355,3.4856746196746826,9.14297866821289,7.470523654095105,1.0,0.3814257346360382,129.95587158203125,39.04948043823242
pnimit,pair_A12_2_3,SynapseExport (34).nii.gz,SynapseExport (34)_lung_seg.nii.gz,1024.0,838.0,1.0,1.0,0.0,255.0,131.59153747558594,58.01799011230469,141.0,0.0,0.6666666865348816,97.0,174.0,217.0,224.0,77.0,224.0,0.047243250298329355,3.4856746196746826,9.14297866821289,7.470523654095105,1.0,0.3814257346360382,129.95587158203125,39.04948043823242
pnimit,pair_A12_2_3,SynapseExport (35).nii.gz,SynapseExport (35)_lung_seg.nii.gz,1024.0,1020.0,1.0,1.0,0.0,255.0,126.99073028564453,62.294090270996094,130.0,0.0,6.0,85.0,181.0,210.0,218.0,96.0,218.0,0.024258961397058822,4.09475040435791,9.017890930175781,7.600996806967531,1.0,0.3325942095588235,112.47954559326172,36.133644104003906
pnimit,pair_A13_1_2,SynapseExport (36).nii.gz,SynapseExport (36)_lung_seg.nii.gz,1024.0,827.0,1.0,1.0,0.0,255.0,138.73902893066406,55.4501953125,148.0,0.0,31.0,98.0,185.0,209.0,218.0,87.0,218.0,0.013994246901451029,3.0327603816986084,7.031843185424805,7.568493823842693,1.0,0.30195147181076176,109.6451187133789,50.030635833740234
pnimit,pair_A13_1_2,SynapseExport (37).nii.gz,SynapseExport (37)_lung_seg.nii.gz,1024.0,795.0,1.0,1.0,0.0,255.0,137.39097595214844,58.87456130981445,154.0,0.0,1.0,100.0,181.0,210.0,215.0,81.0,215.0,0.04714524371069182,2.9297666549682617,8.315350532531738,7.378529907037555,1.0,0.13306186124213837,118.73138427734375,40.17313766479492
pnimit,pair_A13_2_3,SynapseExport (37).nii.gz,SynapseExport (37)_lung_seg.nii.gz,1024.0,795.0,1.0,1.0,0.0,255.0,137.39097595214844,58.87456130981445,154.0,0.0,1.0,100.0,181.0,210.0,215.0,81.0,215.0,0.04714524371069182,2.9297666549682617,8.315350532531738,7.378529907037555,1.0,0.13306186124213837,118.73138427734375,40.17313766479492
pnimit,pair_A13_2_3,SynapseExport (38).nii.gz,SynapseExport (38)_lung_seg.nii.gz,1024.0,838.0,1.0,1.0,0.0,255.0,145.29849243164062,57.28480911254883,159.0,0.0,29.0,107.0,193.0,215.0,222.0,86.0,222.0,0.02585210322195704,3.029736280441284,8.332324981689453,7.477335721122591,1.0,0.1816382943019093,128.60107421875,36.37457275390625
pnimit,pair_A14_1_2,SynapseExport (39).nii.gz,SynapseExport (39)_lung_seg.nii.gz,1024.0,950.0,1.0,1.0,0.0,255.0,134.6755828857422,56.26693344116211,135.0,0.6666666865348816,39.0,92.0,183.0,218.0,224.0,91.0,223.33333331346512,0.009748149671052631,3.338179588317871,8.015344619750977,7.6444950994297765,1.0,0.2905386513157895,107.39413452148438,35.69255447387695
pnimit,pair_A14_1_2,SynapseExport (40).nii.gz,SynapseExport (40)_lung_seg.nii.gz,1024.0,1023.0,1.0,1.0,0.0,255.0,125.19503784179688,60.03828811645508,127.0,0.0,9.666666984558105,84.0,177.0,211.0,219.0,93.0,219.0,0.017409159640762464,3.275611639022827,7.199536323547363,7.666821995387619,1.0,0.26284232190860213,106.46025848388672,34.84183883666992
pnimit,pair_A15_1_2,SynapseExport (41).nii.gz,SynapseExport (41)_lung_seg.nii.gz,1024.0,1008.0,1.0,1.0,0.0,255.0,117.49107360839844,60.080509185791016,123.0,0.0,4.0,74.0,167.0,202.0,211.0,93.0,211.0,0.027597578745039684,3.271637201309204,7.638854503631592,7.622798076408028,1.0,0.25378999255952384,118.74232482910156,36.37395477294922
pnimit,pair_A15_1_2,SynapseExport (42).nii.gz,SynapseExport (42)_lung_seg.nii.gz,1024.0,898.0,1.0,1.0,0.0,255.0,125.80178833007812,46.13595199584961,129.0,1.0,48.0,94.0,161.0,194.0,202.0,67.0,201.0,0.008518278466035634,3.221067428588867,6.5146164894104,7.429492269742886,1.0,0.4157317911330735,108.42794799804688,31.07858657836914
pnimit,pair_A15_2_3,SynapseExport (42).nii.gz,SynapseExport (42)_lung_seg.nii.gz,1024.0,898.0,1.0,1.0,0.0,255.0,125.80178833007812,46.13595199584961,129.0,1.0,48.0,94.0,161.0,194.0,202.0,67.0,201.0,0.008518278466035634,3.221067428588867,6.5146164894104,7.429492269742886,1.0,0.4157317911330735,108.42794799804688,31.07858657836914
pnimit,pair_A15_2_3,SynapseExport (43).nii.gz,SynapseExport (43)_lung_seg.nii.gz,1022.0,1024.0,1.0,1.0,0.0,248.3333282470703,107.7779769897461,58.64183044433594,114.0,0.0,0.0,69.0,155.0,188.0,198.0,86.0,198.0,0.08688348520058709,3.02878475189209,6.9284586906433105,7.260584906953932,1.0,0.28023712695694714,98.92869567871094,32.674564361572266
pnimit,pair_A16_1_2,SynapseExport (44).nii.gz,SynapseExport (44)_lung_seg.nii.gz,1024.0,872.0,1.0,1.0,0.0,255.0,145.6681671142578,60.089454650878906,166.0,0.0,7.0,111.0,194.0,210.0,214.0,83.0,214.0,0.03300154099770642,3.098785638809204,8.578320503234863,7.3174909678482445,1.0,0.13128718104931192,151.0634765625,30.863971710205078
pnimit,pair_A16_1_2,SynapseExport (45).nii.gz,SynapseExport (45)_lung_seg.nii.gz,1024.0,856.0,1.0,1.0,0.0,255.0,131.12167358398438,51.49147033691406,140.0,7.0,36.0,93.0,177.0,196.0,202.0,84.0,195.0,0.004788122444509346,2.797905206680298,7.795874118804932,7.459711320235275,1.0,0.23424836631133178,103.21341705322266,33.24300003051758
pnimit,pair_A17_1_2,SynapseExport (46).nii.gz,SynapseExport (46)_lung_seg.nii.gz,939.0,1024.0,1.0,1.0,0.0,255.0,127.64661407470703,48.111961364746094,145.0,0.0,41.0,89.0,166.0,184.0,190.3333282470703,77.0,190.3333282470703,0.01767900525825346,3.03523588180542,7.293557167053223,7.212068580113595,1.0,0.3090523911741214,102.36190795898438,38.16938400268555
pnimit,pair_A17_1_2,SynapseExport (47).nii.gz,SynapseExport (47)_lung_seg.nii.gz,1024.0,895.0,1.0,1.0,0.0,255.0,144.3035888671875,71.29243469238281,179.0,0.0,11.0,80.0,204.0,219.0,235.0,124.0,235.0,0.033713774441340785,3.807903289794922,8.417967796325684,7.412926496440399,1.0,0.1808528282122905,104.22789001464844,58.1507682800293
pnimit,pair_A18_1_2,SynapseExport (48).nii.gz,SynapseExport (48)_lung_seg.nii.gz,1024.0,925.0,1.0,1.0,0.0,255.0,116.73194122314453,70.18685913085938,125.0,0.0,0.0,79.0,179.0,209.0,218.0,100.0,218.0,0.15714949324324323,2.6959590911865234,9.788444519042969,6.940583356194461,1.0,0.2398268581081081,132.05557250976562,32.5821533203125
pnimit,pair_A18_1_2,SynapseExport (49).nii.gz,SynapseExport (49)_lung_seg.nii.gz,1024.0,797.0,1.0,1.0,0.0,255.0,131.81272888183594,65.94058990478516,147.0,0.0,0.0,92.0,184.0,211.0,221.0,92.0,221.0,0.09121730904956085,3.2429633140563965,9.26951789855957,7.275640799018585,1.0,0.1948125784190715,144.3728790283203,38.464202880859375
pnimit,pair_A18_2_3,SynapseExport (49).nii.gz,SynapseExport (49)_lung_seg.nii.gz,1024.0,797.0,1.0,1.0,0.0,255.0,131.81272888183594,65.94058990478516,147.0,0.0,0.0,92.0,184.0,211.0,221.0,92.0,221.0,0.09121730904956085,3.2429633140563965,9.26951789855957,7.275640799018585,1.0,0.1948125784190715,144.3728790283203,38.464202880859375
pnimit,pair_A18_2_3,SynapseExport (50).nii.gz,SynapseExport (50)_lung_seg.nii.gz,1024.0,838.0,1.0,1.0,0.0,255.0,147.5719451904297,61.021305084228516,166.0,0.0,0.0,125.0,194.0,210.0,217.0,69.0,217.0,0.0527774929146778,2.9695794582366943,9.01778793334961,7.169915622673924,1.0,0.1609836478221957,150.14303588867188,25.027374267578125
pnimit,pair_A19_1_2,SynapseExport (51).nii.gz,SynapseExport (51)_lung_seg.nii.gz,1024.0,1011.0,1.0,1.0,0.0,255.0,149.6525421142578,59.08538818359375,163.0,0.0,18.0,110.0,201.0,215.0,228.0,91.0,228.0,0.012740711547972305,4.148007869720459,8.417404174804688,7.466397950825071,1.0,0.23604896915182988,129.09413146972656,39.141380310058594
pnimit,pair_A19_1_2,SynapseExport (52).nii.gz,SynapseExport (52)_lung_seg.nii.gz,1024.0,832.0,1.0,1.0,0.0,233.6666717529297,141.7286376953125,58.3405647277832,155.0,0.0,2.0,116.0,186.0,210.0,214.3333282470703,70.0,214.3333282470703,0.04085834209735577,2.4831531047821045,8.580659866333008,7.341293117659294,1.0,0.1129291240985577,139.57115173339844,20.17562484741211
pnimit,pair_A19_2_3,SynapseExport (52).nii.gz,SynapseExport (52)_lung_seg.nii.gz,1024.0,832.0,1.0,1.0,0.0,233.6666717529297,141.7286376953125,58.3405647277832,155.0,0.0,2.0,116.0,186.0,210.0,214.3333282470703,70.0,214.3333282470703,0.04085834209735577,2.4831531047821045,8.580659866333008,7.341293117659294,1.0,0.1129291240985577,139.57115173339844,20.17562484741211
pnimit,pair_A19_2_3,SynapseExport (53).nii.gz,SynapseExport (53)_lung_seg.nii.gz,1023.0,975.0,1.0,1.0,0.0,255.0,136.47052001953125,64.33441162109375,143.0,0.0,6.0,97.0,194.3333282470703,216.0,234.0,97.33332824707031,234.0,0.028266786976464398,4.976158618927002,11.184896469116211,7.611948855815525,1.0,0.3136205729754117,130.869140625,41.25139236450195
pnimit,pair_A1_1_2,SynapseExport (2).nii.gz,SynapseExport (2)_lung_seg.nii.gz,1024.0,887.0,1.0,1.0,0.0,255.0,139.3853759765625,60.24336624145508,156.0,0.0,0.0,114.0,184.0,207.0,215.0,70.0,215.0,0.07103804079763247,3.591883659362793,8.932960510253906,7.180729531180976,1.0,0.35214711633314544,141.1148223876953,37.766632080078125
pnimit,pair_A1_1_2,SynapseExport (3).nii.gz,SynapseExport (3)_lung_seg.nii.gz,1024.0,1006.0,1.0,1.0,0.0,255.0,137.42529296875,57.28887176513672,148.0,9.0,11.0,97.0,188.0,207.0,214.0,91.0,205.0,3.882952286282306e-06,3.8709921836853027,8.224310874938965,7.401941273816204,1.0,0.3388671875,121.4127426147461,37.718204498291016
pnimit,pair_A1_2_3,SynapseExport (3).nii.gz,SynapseExport (3)_lung_seg.nii.gz,1024.0,1006.0,1.0,1.0,0.0,255.0,137.42529296875,57.28887176513672,148.0,9.0,11.0,97.0,188.0,207.0,214.0,91.0,205.0,3.882952286282306e-06,3.8709921836853027,8.224310874938965,7.401941273816204,1.0,0.3388671875,121.4127426147461,37.718204498291016
pnimit,pair_A1_2_3,SynapseExport (4).nii.gz,SynapseExport (4)_lung_seg.nii.gz,1017.0,1024.0,1.0,1.0,0.0,255.0,129.2730712890625,66.82743835449219,142.0,0.0,2.0,90.0,187.0,210.0,217.0,97.0,217.0,0.010982247111602754,3.075862169265747,8.323016166687012,7.392022113929084,1.0,0.30614802267699115,123.48543548583984,35.920528411865234
pnimit,pair_A20_1_2,SynapseExport (54).nii.gz,SynapseExport (54)_lung_seg.nii.gz,1024.0,752.0,1.0,1.0,0.0,255.0,124.5597152709961,63.01871871948242,134.0,0.0,3.0,78.0,176.0,213.0,225.0,98.0,225.0,0.04288563829787234,2.9500069618225098,9.04510498046875,7.653246470468689,1.0,0.2894365026595745,136.1839599609375,42.989933013916016
pnimit,pair_A20_1_2,SynapseExport (55).nii.gz,SynapseExport (55)_lung_seg.nii.gz,1024.0,826.0,1.0,1.0,0.0,255.0,124.70952606201172,57.648075103759766,125.0,0.0,0.0,91.0,169.0,210.0,219.0,78.0,219.0,0.0535915273153753,2.698262929916382,7.900836944580078,7.4654832138024965,1.0,0.268165717690678,121.81267547607422,39.27335739135742
pnimit,pair_A20_2_3,SynapseExport (55).nii.gz,SynapseExport (55)_lung_seg.nii.gz,1024.0,826.0,1.0,1.0,0.0,255.0,124.70952606201172,57.648075103759766,125.0,0.0,0.0,91.0,169.0,210.0,219.0,78.0,219.0,0.0535915273153753,2.698262929916382,7.900836944580078,7.4654832138024965,1.0,0.268165717690678,121.81267547607422,39.27335739135742
pnimit,pair_A20_2_3,SynapseExport (56).nii.gz,SynapseExport (56)_lung_seg.nii.gz,1024.0,870.0,1.0,1.0,0.0,255.0,112.14717102050781,55.42078399658203,108.0,0.0,10.0,76.0,161.0,195.0,202.6666717529297,85.0,202.6666717529297,0.018714080459770115,3.1757006645202637,7.096668720245361,7.502386272608272,1.0,0.28599137931034485,105.7499008178711,33.9598274230957
pnimit,pair_A2_1_2,SynapseExport (5).nii.gz,SynapseExport (5)_lung_seg.nii.gz,1024.0,1015.0,1.0,1.0,0.0,255.0,116.41334533691406,60.11408615112305,121.0,0.0,2.0,77.0,165.0,201.0,215.0,88.0,215.0,0.041144550492610836,3.9217095375061035,9.11477279663086,7.577186543618088,1.0,0.34569542795566505,109.90000915527344,36.996097564697266
pnimit,pair_A2_1_2,SynapseExport (6).nii.gz,SynapseExport (6)_lung_seg.nii.gz,1024.0,853.0,1.0,1.0,0.0,255.0,131.05136108398438,65.77063751220703,147.0,0.0,7.0,96.0,181.0,215.0,231.0,85.0,231.0,0.017931885624267292,4.9468841552734375,10.090320587158203,7.640643650252678,1.0,0.22567065687280188,154.17898559570312,36.53926467895508
pnimit,pair_A2_2_3,SynapseExport (6).nii.gz,SynapseExport (6)_lung_seg.nii.gz,1024.0,853.0,1.0,1.0,0.0,255.0,131.05136108398438,65.77063751220703,147.0,0.0,7.0,96.0,181.0,215.0,231.0,85.0,231.0,0.017931885624267292,4.9468841552734375,10.090320587158203,7.640643650252678,1.0,0.22567065687280188,154.17898559570312,36.53926467895508
pnimit,pair_A2_2_3,SynapseExport (7).nii.gz,SynapseExport (7)_lung_seg.nii.gz,1024.0,998.0,1.0,1.0,0.0,255.0,121.1600112915039,62.960689544677734,129.0,2.0,8.0,77.0,178.0,203.0,213.0,101.0,211.0,0.00617250125250501,4.2795515060424805,8.921234130859375,7.509300178853165,1.0,0.2966558116232465,126.72677612304688,42.41461944580078
pnimit,pair_A3_1_2,SynapseExport (8).nii.gz,SynapseExport (8)_lung_seg.nii.gz,948.0,1024.0,1.0,1.0,0.0,255.0,138.4399871826172,55.01482391357422,142.0,0.0,15.0,107.0,183.0,212.0,222.0,76.0,222.0,0.04354150184599156,2.0351667404174805,6.475636959075928,7.405607360610515,1.0,0.3085041287579114,120.95941925048828,36.532615661621094
pnimit,pair_A3_1_2,SynapseExport (9).nii.gz,SynapseExport (9)_lung_seg.nii.gz,1024.0,853.0,1.0,1.0,0.0,255.0,151.01231384277344,54.510276794433594,159.0,0.0,15.0,125.0,191.0,221.0,231.0,66.0,231.0,0.018187188599062133,3.6250438690185547,9.844793319702148,7.470562807841483,1.0,0.15597065504103166,152.21551513671875,25.491060256958008
pnimit,pair_A3_2_3,SynapseExport (10).nii.gz,SynapseExport (10)_lung_seg.nii.gz,1024.0,832.0,1.0,1.0,0.0,255.0,135.31407165527344,55.53384017944336,139.0,0.0,34.66666793823242,94.0,186.0,209.0,221.0,92.0,221.0,0.027555025540865384,2.1475095748901367,7.0947089195251465,7.491371323139446,1.0,0.20334801307091346,114.5021743774414,34.94504928588867
pnimit,pair_A3_2_3,SynapseExport (9).nii.gz,SynapseExport (9)_lung_seg.nii.gz,1024.0,853.0,1.0,1.0,0.0,255.0,151.01231384277344,54.510276794433594,159.0,0.0,15.0,125.0,191.0,221.0,231.0,66.0,231.0,0.018187188599062133,3.6250438690185547,9.844793319702148,7.470562807841483,1.0,0.15597065504103166,152.21551513671875,25.491060256958008
pnimit,pair_A4_1_2,SynapseExport (11).nii.gz,SynapseExport (11)_lung_seg.nii.gz,1024.0,909.0,1.0,1.0,0.0,255.0,143.68040466308594,47.336246490478516,151.0,19.0,55.0,114.0,179.0,209.0,222.0,65.0,203.0,0.0030349714658965896,3.222615957260132,6.379039764404297,7.5062687983902645,1.0,0.27844063703245325,112.81806945800781,40.85227584838867
pnimit,pair_A4_1_2,SynapseExport (12).nii.gz,SynapseExport (12)_lung_seg.nii.gz,1024.0,1002.0,1.0,1.0,0.0,255.0,131.96279907226562,53.24053955078125,136.0,0.0,32.0,96.0,179.0,204.0,213.0,83.0,213.0,0.016892971868762475,3.540278434753418,8.782635688781738,7.533852083190477,1.0,0.21369370633732535,105.2762680053711,32.27706527709961
pnimit,pair_A4_2_3,SynapseExport (12).nii.gz,SynapseExport (12)_lung_seg.nii.gz,1024.0,1002.0,1.0,1.0,0.0,255.0,131.96279907226562,53.24053955078125,136.0,0.0,32.0,96.0,179.0,204.0,213.0,83.0,213.0,0.016892971868762475,3.540278434753418,8.782635688781738,7.533852083190477,1.0,0.21369370633732535,105.2762680053711,32.27706527709961
pnimit,pair_A4_2_3,SynapseExport (13).nii.gz,SynapseExport (13)_lung_seg.nii.gz,1024.0,945.0,1.0,1.0,0.0,255.0,135.41307067871094,58.959293365478516,145.0,0.0,9.0,97.0,187.0,208.0,216.0,90.0,216.0,0.03268125826719577,2.83131742477417,6.716582775115967,7.514855512672272,1.0,0.2343491650132275,112.64241790771484,40.33152389526367
pnimit,pair_A5_1_2,SynapseExport (14).nii.gz,SynapseExport (14)_lung_seg.nii.gz,1024.0,746.0,1.0,1.0,0.0,255.0,142.18551635742188,60.001033782958984,158.0,0.0,1.3333333730697632,110.0,188.0,210.0,216.0,78.0,216.0,0.043290779993297585,3.168771266937256,9.558162689208984,7.342127206425218,1.0,0.2098274128686327,156.93260192871094,21.853309631347656
pnimit,pair_A5_1_2,SynapseExport (15).nii.gz,SynapseExport (15)_lung_seg.nii.gz,1024.0,922.0,1.0,1.0,0.0,255.0,132.3998260498047,60.49712371826172,143.0,0.0,1.3333333730697632,98.0,179.0,213.0,223.0,81.0,223.0,0.045406978714750544,3.11793851852417,8.980805397033691,7.550438842193818,1.0,0.3225738459191974,146.8203125,30.889034271240234
pnimit,pair_A6_1_2,SynapseExport (16).nii.gz,SynapseExport (16)_lung_seg.nii.gz,1024.0,869.0,1.0,1.0,0.0,255.0,138.73577880859375,59.23613357543945,153.0,0.0,1.0,104.0,188.0,207.0,219.0,84.0,219.0,0.046948045526467204,2.5900347232818604,7.538861274719238,7.391959555733349,1.0,0.27983628811852707,123.18276977539062,43.05784606933594
pnimit,pair_A6_1_2,SynapseExport (17).nii.gz,SynapseExport (17)_lung_seg.nii.gz,1024.0,743.0,1.0,1.0,0.0,255.0,135.5540008544922,59.97077178955078,152.0,0.0,0.0,97.66666412353516,187.0,204.0,208.0,89.33333587646484,208.0,0.056262092025572,3.2011501789093018,8.679976463317871,7.288858121745643,1.0,0.2927071942294751,117.59349060058594,40.195804595947266
pnimit,pair_A6_2_3,SynapseExport (17).nii.gz,SynapseExport (17)_lung_seg.nii.gz,1024.0,743.0,1.0,1.0,0.0,255.0,135.5540008544922,59.97077178955078,152.0,0.0,0.0,97.66666412353516,187.0,204.0,208.0,89.33333587646484,208.0,0.056262092025572,3.2011501789093018,8.679976463317871,7.288858121745643,1.0,0.2927071942294751,117.59349060058594,40.195804595947266
pnimit,pair_A6_2_3,SynapseExport (18).nii.gz,SynapseExport (18)_lung_seg.nii.gz,1024.0,853.0,1.0,1.0,0.0,255.0,131.19068908691406,69.45043182373047,141.0,0.0,0.0,83.0,194.0,218.0,229.0,111.0,229.0,0.07776780480656506,5.1287312507629395,11.03341293334961,7.4587955499101195,1.0,0.1312921307151231,128.0578155517578,38.47966766357422
pnimit,pair_A7_1_2,SynapseExport (19).nii.gz,SynapseExport (19)_lung_seg.nii.gz,1024.0,883.0,1.0,1.0,0.0,255.0,135.14402770996094,56.21128845214844,141.0,0.0,32.0,93.0,185.0,211.0,217.0,92.0,217.0,0.02081748124292186,2.778273820877075,7.568154335021973,7.565318760096966,1.0,0.2940017164496036,128.3610382080078,36.154319763183594
pnimit,pair_A7_1_2,SynapseExport (20).nii.gz,SynapseExport (20)_lung_seg.nii.gz,1023.0,751.0,1.0,1.0,0.0,255.0,142.3958282470703,62.104488372802734,159.0,0.0,0.0,114.0,191.0,211.0,215.0,77.0,215.0,0.05922113623672835,2.4136202335357666,7.794628143310547,7.241883824300853,1.0,0.2960913633565152,169.5147247314453,26.990909576416016
pnimit,pair_A7_2_3,SynapseExport (20).nii.gz,SynapseExport (20)_lung_seg.nii.gz,1023.0,751.0,1.0,1.0,0.0,255.0,142.3958282470703,62.104488372802734,159.0,0.0,0.0,114.0,191.0,211.0,215.0,77.0,215.0,0.05922113623672835,2.4136202335357666,7.794628143310547,7.241883824300853,1.0,0.2960913633565152,169.5147247314453,26.990909576416016
pnimit,pair_A7_2_3,SynapseExport (21).nii.gz,SynapseExport (21)_lung_seg.nii.gz,1006.0,1024.0,1.0,1.0,0.0,255.0,137.46890258789062,65.88707733154297,155.0,0.0,3.0,97.0,195.0,210.0,217.0,98.0,217.0,0.017518909977634195,3.3132762908935547,8.279452323913574,7.439652230661956,1.0,0.21482530597664015,147.27133178710938,38.130157470703125
pnimit,pair_A8_1_2,SynapseExport (22).nii.gz,SynapseExport (22)_lung_seg.nii.gz,1023.0,937.0,1.0,1.0,0.0,255.0,117.65765380859375,64.97444915771484,125.0,0.0,0.0,85.0,164.0,214.0,236.0,79.0,236.0,0.12353854933123015,3.2633278369903564,7.460618495941162,7.219532671251656,1.0,0.35363376596550417,133.0572509765625,32.84565353393555
pnimit,pair_A8_1_2,SynapseExport (23).nii.gz,SynapseExport (23)_lung_seg.nii.gz,984.0,1024.0,1.0,1.0,0.0,255.0,115.56062316894531,50.945281982421875,114.0,0.0,19.0,83.0,154.0,196.0,216.0,71.0,216.0,0.029031893102134148,3.700474739074707,7.542686462402344,7.5154730860557,1.0,0.3868437976371951,112.40815734863281,32.862693786621094
pnimit,pair_A8_2_3,SynapseExport (23).nii.gz,SynapseExport (23)_lung_seg.nii.gz,984.0,1024.0,1.0,1.0,0.0,255.0,115.56062316894531,50.945281982421875,114.0,0.0,19.0,83.0,154.0,196.0,216.0,71.0,216.0,0.029031893102134148,3.700474739074707,7.542686462402344,7.5154730860557,1.0,0.3868437976371951,112.40815734863281,32.862693786621094
pnimit,pair_A8_2_3,SynapseExport (24).nii.gz,SynapseExport (24)_lung_seg.nii.gz,1024.0,945.0,1.0,1.0,0.0,255.0,118.1066665649414,56.3939323425293,126.0,0.0,1.0,82.0,164.0,194.0,204.0,82.0,204.0,0.047548776455026455,3.399665117263794,8.042630195617676,7.472188238310201,1.0,0.296340732473545,132.040771484375,33.824398040771484
pnimit,pair_A9_1_2,SynapseExport (25).nii.gz,SynapseExport (25)_lung_seg.nii.gz,1024.0,830.0,1.0,1.0,0.0,255.0,134.93313598632812,59.8715934753418,144.0,0.0,1.0,97.0,184.0,212.0,220.0,87.0,220.0,0.04748917545180723,3.584106922149658,8.417820930480957,7.4871973657877895,1.0,0.30709243222891563,130.04379272460938,42.90311813354492
pnimit,pair_A9_1_2,SynapseExport (26).nii.gz,SynapseExport (26)_lung_seg.nii.gz,1024.0,832.0,1.0,1.0,0.0,255.0,132.62411499023438,62.140262603759766,141.0,0.0,1.0,92.0,189.0,209.0,216.0,97.0,216.0,0.04643601637620192,3.1714377403259277,9.055363655090332,7.470256837092741,1.0,0.1672644981971154,127.34848022460938,36.493080139160156
