pair_id,fresh_run,exact_json_agreement,semantic_signature_agreement,any_change_agreement,positive_presence_agreement,negative_presence_agreement,pathology_jaccard,signed_map_correlation,positive_dice,positive_iou,positive_soft_dice,negative_dice,negative_iou,negative_soft_dice
pair16,run_01,False,False,False,True,False,0.0,0.0,1.0,1.0,1.0,0.0,0.0,0.0
pair16,run_02,False,False,False,False,True,0.0,0.0,0.0,0.0,0.0,1.0,1.0,1.0
pair16,run_03,False,False,False,False,True,0.0,0.0,0.0,0.0,0.0,1.0,1.0,1.0
pair16,run_04,False,False,False,False,True,0.0,0.0,0.0,0.0,0.0,1.0,1.0,1.0
pair16,run_05,False,False,False,False,True,0.0,0.0,0.0,0.0,0.0,1.0,1.0,1.0
pair31,run_01,False,False,False,True,False,0.0,0.0,1.0,1.0,1.0,0.0,0.0,0.0
pair31,run_02,False,True,True,True,True,1.0,0.42296647424027317,1.0,1.0,1.0,0.48622154449406385,0.321197294574759,0.4067786633968353
pair31,run_03,False,False,True,True,True,0.5,0.7083521609413003,1.0,1.0,1.0,0.6532859839971231,0.4850962982743082,0.5414085388183594
pair31,run_04,False,False,False,True,False,0.0,0.0,1.0,1.0,1.0,0.0,0.0,0.0
pair31,run_05,False,False,True,False,False,0.0,-0.25768710461019334,0.0,0.0,0.0,0.0,0.0,0.0
pair42,run_01,False,False,False,False,True,0.0,0.0,0.0,0.0,0.0,1.0,1.0,1.0
pair42,run_02,False,False,True,False,False,1.0,-0.5586824486605525,0.0,0.0,0.0,0.0,0.0,0.0
pair42,run_03,False,False,True,True,True,0.0,0.3382490131877858,0.3549264671646457,0.21575112606238023,0.30886760354042053,1.0,1.0,1.0
pair42,run_04,False,False,True,False,False,0.0,-0.39448772998386716,0.0,0.0,0.0,0.0,0.0,0.0
pair42,run_05,False,False,True,False,False,0.0,-0.049827486631865384,0.0,0.0,0.0,0.0,0.0,0.0
pair47,run_01,False,False,True,False,False,0.5,-0.5886566495201334,0.0,0.0,0.0,0.0,0.0,0.0
pair47,run_02,False,False,True,False,False,0.0,-0.13572115653435102,0.0,0.0,0.0,0.0,0.0,0.0
pair47,run_03,False,True,True,True,True,1.0,0.6099600733478665,0.6828296566226989,0.5184064916553497,0.5625638961791992,1.0,1.0,1.0
pair47,run_04,False,False,True,True,True,0.0,0.5811026673153719,0.6584571274052391,0.49082078616815017,0.5482069253921509,1.0,1.0,1.0
pair47,run_05,False,False,True,True,True,0.5,0.568826404353976,0.6783994586200016,0.5133165713685509,0.5466047525405884,1.0,1.0,1.0
pair51,run_01,False,False,True,True,True,0.0,0.18017134584982358,0.33862726142797955,0.20382377389858686,0.2591371536254883,1.0,1.0,1.0
pair51,run_02,False,False,True,False,False,0.0,-0.31051640613220904,0.0,0.0,0.0,0.0,0.0,0.0
pair51,run_03,False,False,False,False,True,0.0,0.0,0.0,0.0,0.0,1.0,1.0,1.0
pair51,run_04,False,False,False,False,True,0.0,0.0,0.0,0.0,0.0,1.0,1.0,1.0
pair51,run_05,False,False,False,False,True,0.0,0.0,0.0,0.0,0.0,1.0,1.0,1.0
pair68,run_01,False,False,True,True,True,0.0,0.15836942253787983,0.29915631464373516,0.1758870125569904,0.20685449242591858,1.0,1.0,1.0
pair68,run_02,False,False,False,False,True,0.0,0.0,0.0,0.0,0.0,1.0,1.0,1.0
pair68,run_03,False,False,False,False,True,0.0,0.0,0.0,0.0,0.0,1.0,1.0,1.0
pair68,run_04,False,False,True,True,True,0.0,0.8283715051217678,0.7766848816029144,0.6349017272185825,0.6935250759124756,1.0,1.0,1.0
pair68,run_05,False,False,True,False,False,0.0,-0.9139302486870325,0.0,0.0,0.0,0.0,0.0,0.0
pair75,run_01,False,False,True,False,False,0.0,-0.27429254710024115,0.0,0.0,0.0,0.0,0.0,0.0
pair75,run_02,False,False,True,True,True,0.0,0.5146399198830734,0.5350539345963077,0.365237975125633,0.4815588593482971,1.0,1.0,1.0
pair75,run_03,False,False,True,False,False,0.0,-0.4206322001027916,0.0,0.0,0.0,0.0,0.0,0.0
pair75,run_04,False,False,True,False,False,0.0,-0.10192827876114942,0.0,0.0,0.0,0.0,0.0,0.0
pair75,run_05,False,False,True,True,True,0.0,0.5512635691264843,0.5132992123896152,0.3452606043309193,0.477165162563324,1.0,1.0,1.0
pair77,run_01,False,False,True,False,False,1.0,0.060068105941853044,0.0,0.0,0.0,0.0,0.0,0.0
pair77,run_02,False,False,True,False,False,0.0,-0.3571081182142258,0.0,0.0,0.0,0.0,0.0,0.0
pair77,run_03,False,False,True,False,False,1.0,0.06742518036683243,0.0,0.0,0.0,0.0,0.0,0.0
pair77,run_04,False,False,True,False,False,0.0,-0.44045375975100115,0.0,0.0,0.0,0.0,0.0,0.0
pair77,run_05,False,True,True,True,True,1.0,0.7875440652380638,1.0,1.0,1.0,0.7513281919451585,0.6017018940433708,0.6604576706886292
pair81,run_01,False,False,True,False,False,1.0,-0.4401820640523789,0.0,0.0,0.0,0.0,0.0,0.0
pair81,run_02,False,False,True,False,False,0.0,0.0791543921227099,0.0,0.0,0.0,0.0,0.0,0.0
pair81,run_03,False,False,True,False,False,1.0,0.09279614374980893,0.0,0.0,0.0,0.0,0.0,0.0
pair81,run_04,False,False,True,True,True,1.0,0.6297081224250171,0.5834464043419267,0.4118773946360153,0.5388033390045166,1.0,1.0,1.0
pair81,run_05,False,True,True,True,True,1.0,0.909800052682308,0.843793942255386,0.7297954690717989,0.8011875152587891,1.0,1.0,1.0
pair92,run_01,False,False,True,True,True,0.0,0.2506102326054792,0.4172674323002761,0.2636373578302712,0.32792848348617554,1.0,1.0,1.0
pair92,run_02,False,False,True,True,True,0.0,0.25225412247964396,0.45640477949442715,0.29567646584506857,0.36247774958610535,1.0,1.0,1.0
pair92,run_03,False,False,True,True,True,0.0,0.28155443129161095,0.42900971048299136,0.27308234388570773,0.35280266404151917,1.0,1.0,1.0
pair92,run_04,False,False,True,True,True,0.0,0.24348507530727567,0.3745460565114378,0.23042551160052194,0.3012309670448303,1.0,1.0,1.0
pair92,run_05,False,False,True,True,True,0.0,0.39233223550832924,0.4544564242856158,0.29404310006306744,0.39508381485939026,1.0,1.0,1.0
pair99,run_01,False,False,True,True,True,0.5,0.6222085026128128,0.6862202824878355,0.5223252219080492,0.5670437812805176,1.0,1.0,1.0
pair99,run_02,False,False,True,True,True,0.0,0.5817962059785629,0.5494060642566724,0.37874559566191784,0.4850330650806427,1.0,1.0,1.0
pair99,run_03,False,True,True,True,True,1.0,0.7869845690638104,0.7717637385226805,0.6283512079299833,0.7128571271896362,1.0,1.0,1.0
pair99,run_04,False,False,True,True,True,0.5,0.6103529376609775,0.639897425156889,0.4704773279549902,0.551641583442688,1.0,1.0,1.0
pair99,run_05,False,True,True,True,True,1.0,0.6685018609691443,0.7173087709975496,0.5592217010444526,0.6149413585662842,1.0,1.0,1.0
pair100,run_01,False,False,True,False,False,0.5,-0.1716788687635419,0.0,0.0,0.0,0.0,0.0,0.0
pair100,run_02,False,False,True,True,True,1.0,0.3256493616214685,0.420467847603526,0.26619771364931705,0.3523057699203491,1.0,1.0,1.0
pair100,run_03,False,True,True,True,True,1.0,0.3086934581128903,0.49741641080396853,0.331040758318221,0.36323100328445435,1.0,1.0,1.0
pair100,run_04,False,False,True,True,True,0.5,0.2867233887012007,0.45061263287236136,0.2908327784469666,0.3598841726779938,1.0,1.0,1.0
pair100,run_05,False,False,True,True,True,0.5,0.27122674204885494,0.38652090538082046,0.2395574300713508,0.3376534879207611,1.0,1.0,1.0
