pair_id,left_run,right_run,exact_json_agreement,semantic_signature_agreement,any_change_agreement,positive_presence_agreement,negative_presence_agreement,pathology_jaccard,signed_map_correlation,positive_dice,positive_iou,positive_soft_dice,negative_dice,negative_iou,negative_soft_dice
pair16,run_01,run_02,False,False,True,False,False,0.0,0.07935222827393834,0.0,0.0,0.0,0.0,0.0,0.0
pair16,run_01,run_03,False,False,True,False,False,0.0,0.06591008501316153,0.0,0.0,0.0,0.0,0.0,0.0
pair16,run_01,run_04,False,False,True,False,False,0.0,0.11264056485512833,0.0,0.0,0.0,0.0,0.0,0.0
pair16,run_01,run_05,False,False,True,False,False,0.0,0.08262735031395771,0.0,0.0,0.0,0.0,0.0,0.0
pair16,run_02,run_03,False,False,True,True,True,0.0,0.10595100083098284,0.2112701892923593,0.11811185122966031,0.15401135385036469,1.0,1.0,1.0
pair16,run_02,run_04,False,True,True,True,True,1.0,0.8065525143674683,0.7609962166051575,0.6142000749344324,0.6924960613250732,1.0,1.0,1.0
pair16,run_02,run_05,False,True,True,True,True,1.0,0.7985348580422004,0.744571636231489,0.5930817382494482,0.6895383596420288,1.0,1.0,1.0
pair16,run_03,run_04,False,False,True,True,True,0.0,0.25337819106109705,0.2810020177530366,0.16346849772664007,0.229355126619339,1.0,1.0,1.0
pair16,run_03,run_05,False,False,True,True,True,0.0,0.14494018208757012,0.213630416437635,0.11958914795874144,0.16676297783851624,1.0,1.0,1.0
pair16,run_04,run_05,False,True,True,True,True,1.0,0.8821669673713171,0.8261255480697252,0.7037597135803368,0.770999550819397,1.0,1.0,1.0
pair31,run_01,run_02,False,False,False,True,False,0.0,0.0,1.0,1.0,1.0,0.0,0.0,0.0
pair31,run_01,run_03,False,False,False,True,False,0.0,0.0,1.0,1.0,1.0,0.0,0.0,0.0
pair31,run_01,run_04,True,True,True,True,True,1.0,1.0,1.0,1.0,1.0,1.0,1.0,1.0
pair31,run_01,run_05,False,False,False,False,True,0.0,0.0,0.0,0.0,0.0,1.0,1.0,1.0
pair31,run_02,run_03,False,False,True,True,True,0.5,0.4228239308902218,1.0,1.0,1.0,0.44860114777618365,0.2891591334705107,0.33699342608451843
pair31,run_02,run_04,False,False,False,True,False,0.0,0.0,1.0,1.0,1.0,0.0,0.0,0.0
pair31,run_02,run_05,False,False,True,False,False,0.0,-0.2421594722947972,0.0,0.0,0.0,0.0,0.0,0.0
pair31,run_03,run_04,False,False,False,True,False,0.0,0.0,1.0,1.0,1.0,0.0,0.0,0.0
pair31,run_03,run_05,False,False,True,False,False,0.5,-0.434418698392651,0.0,0.0,0.0,0.0,0.0,0.0
pair31,run_04,run_05,False,False,False,False,True,0.0,0.0,0.0,0.0,0.0,1.0,1.0,1.0
pair42,run_01,run_02,False,False,False,True,False,0.0,0.0,1.0,1.0,1.0,0.0,0.0,0.0
pair42,run_01,run_03,False,False,False,False,True,0.0,0.0,0.0,0.0,0.0,1.0,1.0,1.0
pair42,run_01,run_04,False,False,False,True,False,0.0,0.0,1.0,1.0,1.0,0.0,0.0,0.0
pair42,run_01,run_05,False,False,False,True,False,0.0,0.0,1.0,1.0,1.0,0.0,0.0,0.0
pair42,run_02,run_03,False,False,True,False,False,0.0,-0.025451399742185382,0.0,0.0,0.0,0.0,0.0,0.0
pair42,run_02,run_04,False,False,True,True,True,0.0,0.038975565112857394,1.0,1.0,1.0,0.15687149462605499,0.0851115340947038,0.11781152337789536
pair42,run_02,run_05,False,False,True,True,True,0.0,-0.07947268012853806,1.0,1.0,1.0,0.03625718561160492,0.01846330657250408,0.03516143187880516
pair42,run_03,run_04,False,False,True,False,False,1.0,-0.7744410813929271,0.0,0.0,0.0,0.0,0.0,0.0
pair42,run_03,run_05,False,False,True,False,False,1.0,-0.5711946976935461,0.0,0.0,0.0,0.0,0.0,0.0
pair42,run_04,run_05,False,True,True,True,True,1.0,0.7578736176856262,1.0,1.0,1.0,0.7366616501995682,0.5831071702334832,0.6525728702545166
pair47,run_01,run_02,False,False,True,True,True,0.0,0.1018768853528925,1.0,1.0,1.0,0.18476361094118676,0.10178487609373307,0.1286931186914444
pair47,run_01,run_03,False,False,True,False,False,0.5,-0.6262392095543551,0.0,0.0,0.0,0.0,0.0,0.0
pair47,run_01,run_04,False,False,True,False,False,0.0,-0.5120346420716848,0.0,0.0,0.0,0.0,0.0,0.0
pair47,run_01,run_05,False,False,True,False,False,0.0,-0.47947890248532604,0.0,0.0,0.0,0.0,0.0,0.0
pair47,run_02,run_03,False,False,True,False,False,0.0,-0.5358545794019792,0.0,0.0,0.0,0.0,0.0,0.0
pair47,run_02,run_04,False,False,True,False,False,0.0,-0.4320676731160167,0.0,0.0,0.0,0.0,0.0,0.0
pair47,run_02,run_05,False,False,True,False,False,0.0,-0.5041929384734931,0.0,0.0,0.0,0.0,0.0,0.0
pair47,run_03,run_04,False,False,True,True,True,0.0,0.767445322695833,0.7472453682507707,0.5964818243835883,0.6479922533035278,1.0,1.0,1.0
pair47,run_03,run_05,False,False,True,True,True,0.5,0.803095055980674,0.7564482273873944,0.6082965293822511,0.6406456232070923,1.0,1.0,1.0
pair47,run_04,run_05,False,False,True,True,True,0.0,0.8917840765768419,0.8451107638404136,0.7317678071454754,0.7891403436660767,1.0,1.0,1.0
pair51,run_01,run_02,False,False,True,False,False,0.0,-0.39119523810511436,0.0,0.0,0.0,0.0,0.0,0.0
pair51,run_01,run_03,False,False,False,False,True,0.0,0.0,0.0,0.0,0.0,1.0,1.0,1.0
pair51,run_01,run_04,False,False,False,False,True,0.0,0.0,0.0,0.0,0.0,1.0,1.0,1.0
pair51,run_01,run_05,False,False,False,False,True,0.0,0.0,0.0,0.0,0.0,1.0,1.0,1.0
pair51,run_02,run_03,False,False,False,True,False,0.0,0.0,1.0,1.0,1.0,0.0,0.0,0.0
pair51,run_02,run_04,False,False,False,True,False,0.0,0.0,1.0,1.0,1.0,0.0,0.0,0.0
pair51,run_02,run_05,False,False,False,True,False,0.0,0.0,1.0,1.0,1.0,0.0,0.0,0.0
pair51,run_03,run_04,True,True,True,True,True,1.0,1.0,1.0,1.0,1.0,1.0,1.0,1.0
pair51,run_03,run_05,True,True,True,True,True,1.0,1.0,1.0,1.0,1.0,1.0,1.0,1.0
pair51,run_04,run_05,True,True,True,True,True,1.0,1.0,1.0,1.0,1.0,1.0,1.0,1.0
pair68,run_01,run_02,False,False,False,False,True,0.0,0.0,0.0,0.0,0.0,1.0,1.0,1.0
pair68,run_01,run_03,False,False,False,False,True,0.0,0.0,0.0,0.0,0.0,1.0,1.0,1.0
pair68,run_01,run_04,False,False,True,True,True,0.0,0.14188706261178907,0.24297099586322948,0.13828513660911437,0.18391883373260498,1.0,1.0,1.0
pair68,run_01,run_05,False,False,True,False,False,0.0,-0.09576013907285857,0.0,0.0,0.0,0.0,0.0,0.0
pair68,run_02,run_03,True,True,True,True,True,1.0,1.0,1.0,1.0,1.0,1.0,1.0,1.0
pair68,run_02,run_04,False,False,False,False,True,0.0,0.0,0.0,0.0,0.0,1.0,1.0,1.0
pair68,run_02,run_05,False,False,False,True,False,0.0,0.0,1.0,1.0,1.0,0.0,0.0,0.0
pair68,run_03,run_04,False,False,False,False,True,0.0,0.0,0.0,0.0,0.0,1.0,1.0,1.0
pair68,run_03,run_05,False,False,False,True,False,0.0,0.0,1.0,1.0,1.0,0.0,0.0,0.0
pair68,run_04,run_05,False,False,True,False,False,1.0,-0.7173999118847203,0.0,0.0,0.0,0.0,0.0,0.0
pair75,run_01,run_02,False,False,True,False,False,0.0,0.09037720299109289,0.0,0.0,0.0,0.0,0.0,0.0
pair75,run_01,run_03,False,True,True,True,True,1.0,-0.06363159476175191,1.0,1.0,1.0,0.024362841984812235,0.012331637864762686,0.025876978412270546
pair75,run_01,run_04,False,True,True,True,True,1.0,0.6015930633961172,1.0,1.0,1.0,0.6440170317483446,0.47494477941615426,0.5216889381408691
pair75,run_01,run_05,False,False,True,False,False,0.0,0.10017351611486641,0.0,0.0,0.0,0.0,0.0,0.0
pair75,run_02,run_03,False,False,True,False,False,0.0,-0.2879665061836646,0.0,0.0,0.0,0.0,0.0,0.0
pair75,run_02,run_04,False,False,True,False,False,0.0,0.10139750742666964,0.0,0.0,0.0,0.0,0.0,0.0
pair75,run_02,run_05,False,True,True,True,True,1.0,0.898805881067419,0.8387869250637155,0.7223367900070705,0.7784131169319153,1.0,1.0,1.0
pair75,run_03,run_04,False,True,True,True,True,1.0,-0.08632739523408774,1.0,1.0,1.0,0.0,0.0,0.004347984679043293
pair75,run_03,run_05,False,False,True,False,False,0.0,-0.34651447409393643,0.0,0.0,0.0,0.0,0.0,0.0
pair75,run_04,run_05,False,False,True,False,False,0.0,0.11238515679381227,0.0,0.0,0.0,0.0,0.0,0.0
pair77,run_01,run_02,False,False,True,True,True,0.0,0.5152533837753629,0.42435833923834726,0.26932414254216647,0.3879842758178711,1.0,1.0,1.0
pair77,run_01,run_03,False,False,True,True,True,1.0,0.8142728317226684,0.7249626151609901,0.568581457909586,0.6327611207962036,1.0,1.0,1.0
pair77,run_01,run_04,False,False,True,True,True,0.0,0.5628582398956804,0.49435871736512776,0.32833764792899406,0.452905535697937,1.0,1.0,1.0
pair77,run_01,run_05,False,False,True,False,False,1.0,0.0755570844864965,0.0,0.0,0.0,0.0,0.0,0.0
pair77,run_02,run_03,False,False,True,True,True,0.0,0.5318045896744438,0.4802225898631373,0.31598218703612074,0.448386549949646,1.0,1.0,1.0
pair77,run_02,run_04,False,False,True,True,True,0.5,0.7995830598723112,0.8067626290059751,0.6761124388300899,0.7167437672615051,1.0,1.0,1.0
pair77,run_02,run_05,False,False,True,False,False,0.0,-0.27116726509935846,0.0,0.0,0.0,0.0,0.0,0.0
pair77,run_03,run_04,False,False,True,True,True,0.0,0.5030949732728026,0.47255503635136686,0.3093761461771865,0.4279809296131134,1.0,1.0,1.0
pair77,run_03,run_05,False,False,True,False,False,1.0,0.08481530040357184,0.0,0.0,0.0,0.0,0.0,0.0
pair77,run_04,run_05,False,False,True,False,False,0.0,-0.33265668647325414,0.0,0.0,0.0,0.0,0.0,0.0
pair81,run_01,run_02,False,False,True,True,True,0.0,-0.07913367756614656,1.0,1.0,1.0,0.0,0.0,0.002014115685597062
pair81,run_01,run_03,False,True,True,True,True,1.0,-0.090974971865131,1.0,1.0,1.0,0.0,0.0,0.008227874524891376
pair81,run_01,run_04,False,False,True,False,False,1.0,-0.22384472060762484,0.0,0.0,0.0,0.0,0.0,0.0
pair81,run_01,run_05,False,False,True,False,False,1.0,-0.5071904875863655,0.0,0.0,0.0,0.0,0.0,0.0
pair81,run_02,run_03,False,False,True,True,True,0.0,0.2948594588511038,1.0,1.0,1.0,0.4113886669214467,0.2589611809732094,0.307620108127594
pair81,run_02,run_04,False,False,True,False,False,0.0,-0.12223675611517906,0.0,0.0,0.0,0.0,0.0,0.0
pair81,run_02,run_05,False,False,True,False,False,0.0,0.08413528020101668,0.0,0.0,0.0,0.0,0.0,0.0
pair81,run_03,run_04,False,False,True,False,False,1.0,-0.5020958695572137,0.0,0.0,0.0,0.0,0.0,0.0
pair81,run_03,run_05,False,False,True,False,False,1.0,0.09861375815129148,0.0,0.0,0.0,0.0,0.0,0.0
pair81,run_04,run_05,False,False,True,True,True,1.0,0.6371904807584313,0.5714668847974468,0.40003754810851405,0.5353542566299438,1.0,1.0,1.0
pair92,run_01,run_02,False,True,True,True,True,1.0,0.6729215584562389,0.7385422152335319,0.5854672460325393,0.6096822619438171,1.0,1.0,1.0
pair92,run_01,run_03,False,True,True,True,True,1.0,0.6999062829530203,0.7493226310930228,0.5991334373851263,0.6718713045120239,1.0,1.0,1.0
pair92,run_01,run_04,False,True,True,True,True,1.0,0.4929241557460152,0.5718426810794637,0.4004059451319322,0.47822168469429016,1.0,1.0,1.0
pair92,run_01,run_05,False,True,True,True,True,1.0,0.5310933844470167,0.6077715658642517,0.43654586486127706,0.5040029883384705,1.0,1.0,1.0
pair92,run_02,run_03,False,True,True,True,True,1.0,0.6099112447030558,0.7091534755677907,0.5493708679889102,0.5867568254470825,1.0,1.0,1.0
pair92,run_02,run_04,False,True,True,True,True,1.0,0.47265489797548227,0.5378902240202886,0.36788634674155446,0.44206076860427856,1.0,1.0,1.0
pair92,run_02,run_05,False,True,True,True,True,1.0,0.571055823410088,0.6676456688915534,0.501102186785484,0.541551947593689,1.0,1.0,1.0
pair92,run_03,run_04,False,True,True,True,True,1.0,0.720995910700111,0.7174187198179078,0.5593553647656963,0.6237717866897583,1.0,1.0,1.0
pair92,run_03,run_05,False,True,True,True,True,1.0,0.5767501444319326,0.6121319002565875,0.44105913261480517,0.5490628480911255,1.0,1.0,1.0
pair92,run_04,run_05,False,True,True,True,True,1.0,0.3792315651343631,0.4998776743141024,0.33322460825689293,0.40640902519226074,1.0,1.0,1.0
pair99,run_01,run_02,False,False,True,True,True,0.0,0.4822098889063846,0.5035276766220477,0.33647643779034037,0.410591185092926,1.0,1.0,1.0
pair99,run_01,run_03,False,False,True,True,True,0.5,0.6091652136065452,0.7003693043672541,0.5388987092416035,0.5664882659912109,1.0,1.0,1.0
pair99,run_01,run_04,False,False,True,True,True,1.0,0.7165651349041571,0.7028203402486772,0.5418064760462034,0.6112207770347595,1.0,1.0,1.0
pair99,run_01,run_05,False,False,True,True,True,0.5,0.6265858522956291,0.7039977421858463,0.5432071880593895,0.5829245448112488,1.0,1.0,1.0
pair99,run_02,run_03,False,False,True,True,True,0.0,0.44471370016461415,0.4336944340679866,0.27689005485332696,0.365519642829895,1.0,1.0,1.0
pair99,run_02,run_04,False,False,True,True,True,0.0,0.5359292928324689,0.4434219484776034,0.28486971664795013,0.37432733178138733,1.0,1.0,1.0
pair99,run_02,run_05,False,False,True,True,True,0.0,0.49098484229870276,0.4672542548175638,0.3048478563950921,0.41323813796043396,1.0,1.0,1.0
pair99,run_03,run_04,False,False,True,True,True,0.5,0.5304160925123795,0.6473300165108288,0.47855724190837784,0.5359665751457214,1.0,1.0,1.0
pair99,run_03,run_05,False,True,True,True,True,1.0,0.6112870736532002,0.7258197699868678,0.5696366596265484,0.6100850105285645,1.0,1.0,1.0
pair99,run_04,run_05,False,False,True,True,True,0.5,0.5854253919831499,0.6486461270767587,0.4799972383796192,0.5574314594268799,1.0,1.0,1.0
pair100,run_01,run_02,False,False,True,False,False,0.5,0.05448081131102515,0.0,0.0,0.0,0.0,0.0,0.0
pair100,run_01,run_03,False,False,True,False,False,0.5,-0.17582451156117426,0.0,0.0,0.0,0.0,0.0,0.0
pair100,run_01,run_04,False,False,True,False,False,0.0,-0.02280963005778013,0.0,0.0,0.0,0.0,0.0,0.0
pair100,run_01,run_05,False,False,True,False,False,1.0,-0.527512516822268,0.0,0.0,0.0,0.0,0.0,0.0
pair100,run_02,run_03,False,False,True,True,True,1.0,0.7725659003820124,0.7287267286832929,0.5732258713569289,0.6267930865287781,1.0,1.0,1.0
pair100,run_02,run_04,False,False,True,True,True,0.5,0.7183275970987627,0.7620704226167391,0.6156007874273477,0.644996166229248,1.0,1.0,1.0
pair100,run_02,run_05,False,False,True,True,True,0.5,0.49066893655357646,0.5203085977264321,0.35163318305896096,0.46350783109664917,1.0,1.0,1.0
pair100,run_03,run_04,False,False,True,True,True,0.5,0.7125513993685832,0.7185886230723613,0.5607790253862713,0.5984565615653992,1.0,1.0,1.0
pair100,run_03,run_05,False,False,True,True,True,0.5,0.6327408666040013,0.6024610944264597,0.4310871719018182,0.520800769329071,1.0,1.0,1.0
pair100,run_04,run_05,False,False,True,True,True,0.0,0.3779047443362556,0.46483053206106645,0.3027877649788933,0.3967236280441284,1.0,1.0,1.0
