pair_id,unique_semantic_signatures,modal_semantic_signature_fraction,all_fresh_runs_semantically_identical,all_fresh_runs_exact_json_identical,pairwise_any_change_agreement,pairwise_positive_presence_agreement,pairwise_negative_presence_agreement,mean_pathology_jaccard,mean_positive_dice,mean_negative_dice,mean_signed_map_correlation
pair16,3,0.6,False,False,1.0,0.6,0.6,0.3,0.30375960243894023,0.6,0.3332053942216821
pair31,4,0.4,False,False,0.4,0.6,0.4,0.2,0.6,0.34486011477761835,0.07462457602027736
pair42,4,0.4,False,False,0.6,0.6,0.4,0.3,0.6,0.19297903304372283,-0.0653710676158713
pair47,5,0.2,False,False,1.0,0.4,0.4,0.1,0.3348804359478579,0.3184763610941187,-0.05256666044966134
pair51,3,0.6,False,False,0.4,0.6,0.6,0.3,0.6,0.6,0.26088047618948856
pair68,4,0.4,False,False,0.4,0.4,0.6,0.2,0.3242970995863229,0.6,0.03287270116542103
pair75,2,0.6,False,False,1.0,0.4,0.4,0.4,0.3838786925063716,0.16683798737331568,0.11202923575165369
pair77,5,0.2,False,False,1.0,0.6,0.6,0.35,0.3403219926984945,0.6,0.32834155115307245
pair81,4,0.4,False,False,1.0,0.4,0.4,0.6,0.3571466884797447,0.14113886669214465,-0.04106775053358173
pair92,1,1.0,True,False,1.0,1.0,1.0,1.0,0.64115967561385,1.0,0.5727444967957325
pair99,4,0.4,False,False,1.0,1.0,1.0,0.4,0.5976881614361433,1.0,0.5633282483157231
pair100,5,0.2,False,False,1.0,0.6,0.6,0.5,0.3796985998586352,0.6,0.30330935972129947
