run,pair_id,response_path,response_sha256,canonical_json_sha256,finding_count,rendered_nifti,nifti_roundtrip_max_abs_error,status
baseline_original,pair16,baseline_original\responses\pair16.json,30b038644c3a32d892abaa86e9ec6fd6f7a900b26ee2c655013344588e83b5eb,779e13c6a4557ee5d496b1f1a34526cf42521fa19aa143ed5f69fc7739337f3d,0,baseline_original\rendered\predictions\pair16\output.nii.gz,0.0,ok
run_01,pair16,runs\run_01\responses\pair16.json,84b2d5379009c9a3cf9f0c0064aa98a413f0b9eff30d06e5ed677471abbde401,9bf2b9ffa46b6449d4f598a79277b36a19a977eb59b54cfc2bbb239120faa31a,1,runs\run_01\rendered\predictions\pair16\output.nii.gz,0.0,ok
run_02,pair16,runs\run_02\responses\pair16.json,259c74042dd17c21dae159b9cb5442ea210f57ebd259531e51134b93f74f984f,7c3592093e2644a233b78fa989faeb520eb80f2b5874213dff349e54d71dc985,1,runs\run_02\rendered\predictions\pair16\output.nii.gz,0.0,ok
run_03,pair16,runs\run_03\responses\pair16.json,fe91e644c745b5fe5387b704c0bcab9e77d5daf65d44a42b51622d70f70b0406,910bab9100f43b5219a3e95d61f0c276390186d00ef593c0af46119532c9baf2,1,runs\run_03\rendered\predictions\pair16\output.nii.gz,0.0,ok
run_04,pair16,runs\run_04\responses\pair16.json,d40fc9d77a17efc0da349a518f6471bb810504aa8e6f120ccd0dd55d04e4e8cf,251d8200ca2b97602986480e1b76b5e6114e1b1095db60c91b6c5c99fa70b7ad,1,runs\run_04\rendered\predictions\pair16\output.nii.gz,0.0,ok
run_05,pair16,runs\run_05\responses\pair16.json,e4628f46abeb76b4728d828cf9a6376f05ad7d0c60d45661907610c569592058,11570b4252466cc93b7f9533c06f160523eeaf259c20e1fe59fa443578b486b1,1,runs\run_05\rendered\predictions\pair16\output.nii.gz,0.0,ok
baseline_original,pair31,baseline_original\responses\pair31.json,cdb49795da35fb3b93c783e97088fa5cb01980afd057c40dcfcf47d5f2d46bba,6755958184673e89b4cdafe6b9d025af9ca66ab911c5cd6566b210ce8244bc26,1,baseline_original\rendered\predictions\pair31\output.nii.gz,0.0,ok
run_01,pair31,runs\run_01\responses\pair31.json,dc057b32aa2af3597324101519cfe150b39de538ff2990b3d7a81fa92b971f7c,a5486ff5a13ee74e74dc74633b834fddb5b6dfa38900601c22ee487cbd13527d,0,runs\run_01\rendered\predictions\pair31\output.nii.gz,0.0,ok
run_02,pair31,runs\run_02\responses\pair31.json,6a5293f9a051a6e42ea12f25c6fbb37ae5c130a8d84d885366f57029ac5c15bb,db2af3608aa931948513a5860702127f2aaa3012a1215eaa4054bf36f8458cea,1,runs\run_02\rendered\predictions\pair31\output.nii.gz,0.0,ok
run_03,pair31,runs\run_03\responses\pair31.json,810a984af74418f36ce129d471680cc8f1622cea076688d3df7497bce2734dce,7ab39f0445b88f36f94c551420664c6a04f8887cd9571ef4ddf1a98adc214058,2,runs\run_03\rendered\predictions\pair31\output.nii.gz,0.0,ok
run_04,pair31,runs\run_04\responses\pair31.json,4fdb9f3b479b683b35bac7c7ab5e0c5c62e4a210c5a38ec31b58a9b116c91cde,a5486ff5a13ee74e74dc74633b834fddb5b6dfa38900601c22ee487cbd13527d,0,runs\run_04\rendered\predictions\pair31\output.nii.gz,0.0,ok
run_05,pair31,runs\run_05\responses\pair31.json,8b23104cd8c9365bd4c641f7debb39f0ea144c409b2fcf8c12fe9cdb916bf7d8,cebf7f15010a9dc9d875d59270055319d98fc2270a741c83d37c11d472eb178c,1,runs\run_05\rendered\predictions\pair31\output.nii.gz,0.0,ok
baseline_original,pair42,baseline_original\responses\pair42.json,76f5074bceefb6538b2810fb81de1600826719fc489ae7032705c4109e103583,8e8d6ac751addcc1b910c9c7a9d39da7753a9a0e7fa6a0dc473f1b29a731d2e2,1,baseline_original\rendered\predictions\pair42\output.nii.gz,0.0,ok
run_01,pair42,runs\run_01\responses\pair42.json,7a23ab91b15e62281ef16a530d6992649ef32d1a186ed2b73a3124a75395482c,1d5a15967c80e784ede3995782334fdbebe0b0b3df2ff9c40f0c3316f2712d5a,0,runs\run_01\rendered\predictions\pair42\output.nii.gz,0.0,ok
run_02,pair42,runs\run_02\responses\pair42.json,12a0fe157aaf612a9511588b5353bcb656237a9902e3c371d27ce734c8aa40ab,533a53c3bc61d6b282cb5a7dfd50a64fd83fd34c32d5ee653f7becb24129f68a,1,runs\run_02\rendered\predictions\pair42\output.nii.gz,0.0,ok
run_03,pair42,runs\run_03\responses\pair42.json,28f4c68c5ca60acf1a9738451c5b011d00b2dd2058860098a19952b7a864f8b2,285ddf97053e4469fb7c936d834863e33d749c2d62193d59c2486573387e6c04,1,runs\run_03\rendered\predictions\pair42\output.nii.gz,0.0,ok
run_04,pair42,runs\run_04\responses\pair42.json,65fec6409cd2fa768ead17935aa0348eaa92e08e89e550bd404a955836a548eb,461032d8ebb69f14f6ce336c2dd03eb15649184f84a2a9226e24b6d7a8532469,1,runs\run_04\rendered\predictions\pair42\output.nii.gz,0.0,ok
run_05,pair42,runs\run_05\responses\pair42.json,948d9bf92b186fe571ea22f05483cd8ffe676fe3f256956179d8127266313fc6,ca3304a8601b7427cb9bd1974c42f4e0bf797fca475f15ec8c8f8049416e3e6a,1,runs\run_05\rendered\predictions\pair42\output.nii.gz,0.0,ok
baseline_original,pair47,baseline_original\responses\pair47.json,d6f5a167f5626d0982f52fa05141bba215ee2f2cfa86344ede6325de2614f164,03a0c354ea3d1744f4ca4f2bcc1601fb3dbd1da1ae369439656a0b91dd034d1f,2,baseline_original\rendered\predictions\pair47\output.nii.gz,0.0,ok
run_01,pair47,runs\run_01\responses\pair47.json,93d5e28c1959262b7a5fa3652778f136a3e75649a96051081116a7d59dd07cf1,1a3cc1361441e0a1be31f61df79d715a432471c78d783cff64788e3e1ce2b499,1,runs\run_01\rendered\predictions\pair47\output.nii.gz,0.0,ok
run_02,pair47,runs\run_02\responses\pair47.json,2abf2316aaa005975339ad1a96574f5cc56c7759149640dc16d824dc776d7ff6,e1ecbc05a7be68058ac3246d30ffcfc18977737b8d61cb2f1ad7fefb5b7f8673,1,runs\run_02\rendered\predictions\pair47\output.nii.gz,0.0,ok
run_03,pair47,runs\run_03\responses\pair47.json,ad142b4dae9c88c7d517f1f6ccfb4240dbe48354d87ec8ce8799ff889a1ead69,51bc22b58ba90e216af62bad08efac87354e10b2c4d7fa63a8613e92672148ad,2,runs\run_03\rendered\predictions\pair47\output.nii.gz,0.0,ok
run_04,pair47,runs\run_04\responses\pair47.json,a4630182f4a99c8e1dd9658659de670477be083c42265de1c7742f9cf10896e6,cd8b4d0c7d573d4a3888007bdbcf2686504f71df0c484fafadf096b15eb31638,1,runs\run_04\rendered\predictions\pair47\output.nii.gz,0.0,ok
run_05,pair47,runs\run_05\responses\pair47.json,30bae5409d095541bc4d0a25e3b73557629406081781d26e52024d06b87f6fbb,04f888e8b98e8042f9e43f92864ecb2ee40a44980c5c6343b9f4e3f5d84fdffc,1,runs\run_05\rendered\predictions\pair47\output.nii.gz,0.0,ok
baseline_original,pair51,baseline_original\responses\pair51.json,677961946a3797ea8bf9a6aa0d56bba1006ec27b9ab4899be69c0706f4242a63,8b4083b01be12ea45f81e1d2caea1c61ce22ce2e24074909564a1137ba9e4fd0,1,baseline_original\rendered\predictions\pair51\output.nii.gz,0.0,ok
run_01,pair51,runs\run_01\responses\pair51.json,61f26b7deacb9537ff5480c271e151785a6b66b60ba54b8f328bea6130e2e502,6c30be1330e627129fecb6566b210da98a6f99f298cabbc6723c1c2b47b560f2,1,runs\run_01\rendered\predictions\pair51\output.nii.gz,0.0,ok
run_02,pair51,runs\run_02\responses\pair51.json,c32eb66b16b487cbbb14d564c2a681b33a3d9a8bee503096a6356d07e3c264d6,1b24a41e4814a2b01b4e7e8b68a38ec2bd5545dda8f4e032d74c2aef17ae69b0,1,runs\run_02\rendered\predictions\pair51\output.nii.gz,0.0,ok
run_03,pair51,runs\run_03\responses\pair51.json,18710aa00a0953798f8d7ec10079ca2f8ac5905b6455bc59b0c27bb4552eb87b,2c5ce5b58f0a6cfe5e5bdc51feb008093d6b0452f27752964506f84728501283,0,runs\run_03\rendered\predictions\pair51\output.nii.gz,0.0,ok
run_04,pair51,runs\run_04\responses\pair51.json,e432b7bdb76e4e0a74690c9ef02f314794bae01a7d6f24f2b3c88806c6fdf9da,2c5ce5b58f0a6cfe5e5bdc51feb008093d6b0452f27752964506f84728501283,0,runs\run_04\rendered\predictions\pair51\output.nii.gz,0.0,ok
run_05,pair51,runs\run_05\responses\pair51.json,18710aa00a0953798f8d7ec10079ca2f8ac5905b6455bc59b0c27bb4552eb87b,2c5ce5b58f0a6cfe5e5bdc51feb008093d6b0452f27752964506f84728501283,0,runs\run_05\rendered\predictions\pair51\output.nii.gz,0.0,ok
baseline_original,pair68,baseline_original\responses\pair68.json,b2bc4d56f37cfe542f5b7dfecb65b7c82cc448a55161e23be146bda453f9f005,1ed2921b1f0e99ca066da639c77be41fbe8e880b8cb96c03d852f259de970b65,1,baseline_original\rendered\predictions\pair68\output.nii.gz,0.0,ok
run_01,pair68,runs\run_01\responses\pair68.json,6906f1e896de7912963cfb0ba5a828af0e6aef92b959706578d95952d898423e,33e40b15cf205db30292e2c13e0c297baeb02c62f8ca8a6cac58af0c58a5d31a,1,runs\run_01\rendered\predictions\pair68\output.nii.gz,0.0,ok
run_02,pair68,runs\run_02\responses\pair68.json,cf9d3b0c9c57190c5e606714c8e17934c26889727e207c53c95aeaab94e212e5,3d6e7db3587425a0e30426b3e818d2b43f878a2f5de33d1bac87f5809e21f633,0,runs\run_02\rendered\predictions\pair68\output.nii.gz,0.0,ok
run_03,pair68,runs\run_03\responses\pair68.json,01f5f0e3ae54cf7d8059b7363b80f1bae77ff104abb536c44356379f17af9ec5,3d6e7db3587425a0e30426b3e818d2b43f878a2f5de33d1bac87f5809e21f633,0,runs\run_03\rendered\predictions\pair68\output.nii.gz,0.0,ok
run_04,pair68,runs\run_04\responses\pair68.json,fde0df16f10fd4bb5774d541d0ca4bd5ea4553ae280b079f914bfa093c0826f5,a3b3f402cad818bd4fb18bc2b4c939d8d4f70d548b1227577e890c72fffedc7e,1,runs\run_04\rendered\predictions\pair68\output.nii.gz,0.0,ok
run_05,pair68,runs\run_05\responses\pair68.json,8a0b08cd5c1d0614ac20f8357fd2644223745c455d1ede5bcfc04a7d56df9276,241231a19a675493465652d11f11177dd7beb3fb789106abd758d4c6193164d9,1,runs\run_05\rendered\predictions\pair68\output.nii.gz,0.0,ok
baseline_original,pair75,baseline_original\responses\pair75.json,4b2f4225b93b88c4373318e54daf346042af2a3e98905924c35db6b769b825ec,ba32eaa0e26514aab7e2996784b87c0a7dfe1947e57faf503d77ecfba44551f2,1,baseline_original\rendered\predictions\pair75\output.nii.gz,0.0,ok
run_01,pair75,runs\run_01\responses\pair75.json,b296b0767b9a3ba4ef1d06a04b81c8e614e1bb2cce5f657e88e3f6e0a082f623,47c6592b93f5986189b053c1e8fa3a8e0a71fb3265909141e5ed8db1550d58aa,1,runs\run_01\rendered\predictions\pair75\output.nii.gz,0.0,ok
run_02,pair75,runs\run_02\responses\pair75.json,4e428b6c63754f3c0aad551a18627531c8a4fa55341a5b23e59d1dc5d9ab20b3,388decc5401dff1b6ee371ba73b6da4da3297cfee97f4040ab55b526659508f4,1,runs\run_02\rendered\predictions\pair75\output.nii.gz,0.0,ok
run_03,pair75,runs\run_03\responses\pair75.json,d1c71f822e07e697d1c6c2a7500721c80ae1ba504aa3ba26dde372e60754891e,ffda081abb540c4fb376b225912387302b62837074cfd436b85521b2d4658f6f,1,runs\run_03\rendered\predictions\pair75\output.nii.gz,0.0,ok
run_04,pair75,runs\run_04\responses\pair75.json,95320620325347f2356a103f15cc0f6b0d3ddd7afde155a363a000d41293304d,40a931320b70c8b71efc3ef151444a9ef123c1faf6324e7c7b520506d56d6280,1,runs\run_04\rendered\predictions\pair75\output.nii.gz,0.0,ok
run_05,pair75,runs\run_05\responses\pair75.json,9524f0c4c11164721d867419fdfdf4c89c1978e761c04873336366831c608447,ee14a86bf576b88920f2141d6f4cc847559f3bce6175a5cce344b683527d00aa,1,runs\run_05\rendered\predictions\pair75\output.nii.gz,0.0,ok
baseline_original,pair77,baseline_original\responses\pair77.json,72323fb789c6f0057f6d9fa376b7ee6caa0c407410308f783473d61079f9fa9e,4627d2394d8a1706e6f989a8b870260a677a7a8c62c8b70082a6e243dde16426,1,baseline_original\rendered\predictions\pair77\output.nii.gz,0.0,ok
run_01,pair77,runs\run_01\responses\pair77.json,e3b8b791f34a8c12f4fe570445e60a59953165e570390265dd6599d1be7c9845,47efbe632f9794fdcd64b118693c1e1402189547b1f2b4862384f58df3e7fdb0,1,runs\run_01\rendered\predictions\pair77\output.nii.gz,0.0,ok
run_02,pair77,runs\run_02\responses\pair77.json,fe212be08a0d3b7eff4b4f0368358e9a8ad0678d9444707294bc1c6ecd36c6e1,691755ebb4d997fc847345bdfc8b1093918e3e394a8a10711937e25752934faf,2,runs\run_02\rendered\predictions\pair77\output.nii.gz,0.0,ok
run_03,pair77,runs\run_03\responses\pair77.json,41a83e2da559140018f20ebacaadf50c5fd258f890c8dedd22152af478e3d581,c7223a58b161c63ec5ea833931db343ea1eca0de024a60a582ceb4f3fc324216,1,runs\run_03\rendered\predictions\pair77\output.nii.gz,0.0,ok
run_04,pair77,runs\run_04\responses\pair77.json,368fbb1e52d5545318488a42525a345f9b1f1106512947da085e8e90a98b5e7b,5932d9bae38e11ff813ce61930283d11dc9b4c8c861634835dee4a23379e5ea6,1,runs\run_04\rendered\predictions\pair77\output.nii.gz,0.0,ok
run_05,pair77,runs\run_05\responses\pair77.json,7991cbb5e63d9ed6a2fca276f0a6c868625fe0bddd980d72d46c0aefd8e8ba6d,6e8de778297c40569013682126c00cf6928ad2c3c79b23e449fe698d6d7ecf87,1,runs\run_05\rendered\predictions\pair77\output.nii.gz,0.0,ok
baseline_original,pair81,baseline_original\responses\pair81.json,bd55e5ad2be5b84a4833c18a26ebed57c1570b4a0049c2d370a5d22e2b74c425,4df4a2b863ac1b2887addd9fe553b59b7326b397b3dd3c62d5087651125b0308,1,baseline_original\rendered\predictions\pair81\output.nii.gz,0.0,ok
run_01,pair81,runs\run_01\responses\pair81.json,abf7bcd202d1bbf8d317f57f28ca8448f43523a00268b2456cf687b38285045c,f3cffa8f689d8ae808c208ddf1feb8108e8243039f35afe29001f002e4c4da1e,1,runs\run_01\rendered\predictions\pair81\output.nii.gz,0.0,ok
run_02,pair81,runs\run_02\responses\pair81.json,08d59f4dc121f03322df47a6d0d4c1ed57583dbab5844ff6b9ab48ffeed6ac23,c3a3a1915714d90c088c58fe94df7eebb807b78c75bee796df2f993d330944b1,1,runs\run_02\rendered\predictions\pair81\output.nii.gz,0.0,ok
run_03,pair81,runs\run_03\responses\pair81.json,2c118b4167b5aa00d3ff999e566a5035093c4c8bb99bcabb2f6741908b77c473,fbe1b3e8f676ee195de49b749d91525deb8040bd6538323871ab7534a33a7a98,1,runs\run_03\rendered\predictions\pair81\output.nii.gz,0.0,ok
run_04,pair81,runs\run_04\responses\pair81.json,43fa62b38518a148f56dfd3b39ed3321dc32148287653e839e00f35a66ed1954,cba82326b97f6a443f0be1879468794ce88713e91a9c76f6b728485ee62bdb2f,1,runs\run_04\rendered\predictions\pair81\output.nii.gz,0.0,ok
run_05,pair81,runs\run_05\responses\pair81.json,1bc71cc7cb04383bfb370f5b95c029aaaf43bf8e8d2e7edf531aaf5de9b580c1,def32304f383269611e667147c3a8b0f2f8f2952b57b8f1b05ed448456973a15,1,runs\run_05\rendered\predictions\pair81\output.nii.gz,0.0,ok
baseline_original,pair92,baseline_original\responses\pair92.json,5ee6ba6d7b6b9d24364a330e7f3e2b5a20cb9e085d156d85b520d375be012c47,9ca872d58b047e83fe6a46edcd38acce9443a7e23b30cc351c7c2aec3754cafc,2,baseline_original\rendered\predictions\pair92\output.nii.gz,0.0,ok
run_01,pair92,runs\run_01\responses\pair92.json,fcfc58f89cb2c74e3366dd9b7328c334a3b91acfcf9a3a693cd1151937d9398f,0452592b057bcb8b34a4bf78b4537344ddd648f16849012c576d004a2b10f685,1,runs\run_01\rendered\predictions\pair92\output.nii.gz,0.0,ok
run_02,pair92,runs\run_02\responses\pair92.json,a5579689892b43e4ed1dea09cb46ac357b264651645dd8316c358847acbb0960,889d6e4dd3ecd4643fc2d903bb5abe316aa1f0967fced97c6c17030472332736,1,runs\run_02\rendered\predictions\pair92\output.nii.gz,0.0,ok
run_03,pair92,runs\run_03\responses\pair92.json,79066fc739fe693cb9ce224827cb5943071d50406ada2b70c11be40eef95d0b5,17940fae054a1d55bf3fd71aacb006d731b5fbe6cc6807cdd6ecc4251d7b42f7,1,runs\run_03\rendered\predictions\pair92\output.nii.gz,0.0,ok
run_04,pair92,runs\run_04\responses\pair92.json,82d59c04320da0d54b636fd12bdb08e0383f1e8b123ee3584f580af4395024d3,ef0da76171b466e0ad8846abbfeeb31f55c9060c36ea23f612b2b364f0638d5b,1,runs\run_04\rendered\predictions\pair92\output.nii.gz,0.0,ok
run_05,pair92,runs\run_05\responses\pair92.json,25c8993f7e8983202625bd37b70218886422ca018f6750fa9ec944f12f39f5e2,9a36b05ae877fd91b6f7156969441e7311f8b8a558c384a387cec9c27cc595b6,1,runs\run_05\rendered\predictions\pair92\output.nii.gz,0.0,ok
baseline_original,pair99,baseline_original\responses\pair99.json,7c5d3bc852c136f2fa68f902560d69d4a0e4b2fd2bc8547c084660fcb69cc7b1,52408d8700375eac935d520d8e3d5f66095fa6bcd42a8ab58aa495af63f282c3,1,baseline_original\rendered\predictions\pair99\output.nii.gz,0.0,ok
run_01,pair99,runs\run_01\responses\pair99.json,d706ed0d34652a4bc312d6543a5503c0fda84ca5e4d05b014b3571d4f038440a,8419f1e12c789bc36b62d44aa4f77cdeb000f17ac809928ec24e6dc564e05784,2,runs\run_01\rendered\predictions\pair99\output.nii.gz,0.0,ok
run_02,pair99,runs\run_02\responses\pair99.json,6017cca34f340b484dc575e684bf0b240fb2779f9247d69139f02b311d05c6fc,277e3c2a2139938a6829fc451aaa1fc3eb0e2bf17b22e09114e7a241df752697,1,runs\run_02\rendered\predictions\pair99\output.nii.gz,0.0,ok
run_03,pair99,runs\run_03\responses\pair99.json,642239d231ab68966931ffe1dfa9aaad12e4a5cd7c30d643d053b2e804514fb1,65788d28a8e96e6bc222faac7deb3919d5b9c8e1dabe920b158b6862cca38359,1,runs\run_03\rendered\predictions\pair99\output.nii.gz,0.0,ok
run_04,pair99,runs\run_04\responses\pair99.json,b3d2d79dd3052659a93ff68198ba009df1bf924090e2b13162219644b62ed61c,ed8f6765026bed0c4dd7e074e9678bb22145b79f514ce07ada0f600c706c5677,2,runs\run_04\rendered\predictions\pair99\output.nii.gz,0.0,ok
run_05,pair99,runs\run_05\responses\pair99.json,01aea3a0c9bdc31e998b133901f2d65fd67116eca47629b7fd3e62433bd22175,79b5bb926348f69a71d11bc456ea213963eb8599baf781aed7f420289fe81f32,1,runs\run_05\rendered\predictions\pair99\output.nii.gz,0.0,ok
baseline_original,pair100,baseline_original\responses\pair100.json,891a70f828eda567bcf9c1b343d94d3c99a37d7b69b773c8105c7c79fc79f7e6,c77ea6178baed4a1fd7a02d19929e787e95e17685703ad386fca0aad2e657b38,2,baseline_original\rendered\predictions\pair100\output.nii.gz,0.0,ok
run_01,pair100,runs\run_01\responses\pair100.json,1842030a0c84e708991c000b124fa9d8b797d919abac887695168079fa614b5a,b112dd6be36447ab7ec4aeab136d671c83835403494544c2e653d8956109f178,1,runs\run_01\rendered\predictions\pair100\output.nii.gz,0.0,ok
run_02,pair100,runs\run_02\responses\pair100.json,b51f99f7c388f815dfc35d7da4ee97983663636af0f2eee357f790709424b034,bb8b2310441b26a5637158a31e71118aab743f6efc3846a55d9955b59a1fae5e,2,runs\run_02\rendered\predictions\pair100\output.nii.gz,0.0,ok
run_03,pair100,runs\run_03\responses\pair100.json,5d3f7e9305d1bab146de0dd07b3eb034147106b3e8278ba88ab83440788ca84d,435f0b328fcdc7a14382726788d46c58460a683da3f4e89c5a7d6ffb17740d51,2,runs\run_03\rendered\predictions\pair100\output.nii.gz,0.0,ok
run_04,pair100,runs\run_04\responses\pair100.json,c8252095d3abd62714ec2d70eae5a2f33acc246451c653d984ccb30b00b3f6a1,ba1f947ba11220163b5ac758f12d6f64acde494749ed9ed3a33d5346764f6437,1,runs\run_04\rendered\predictions\pair100\output.nii.gz,0.0,ok
run_05,pair100,runs\run_05\responses\pair100.json,54adaa70359d3e764a7863e8e3dcc238f485eb72c3bf3344df331d362630bbb0,b6f1625bd66311939b5172adc1f88f469b7be67c0682854629e5b086ad1c99de,1,runs\run_05\rendered\predictions\pair100\output.nii.gz,0.0,ok
